Time,Bottle.position.x,Bottle.position.y,Bottle.position.z,Bottle.orientation.x,Bottle.orientation.y,Bottle.orientation.z,Bottle.orientation.w,CatchNet.position.x,CatchNet.position.y,CatchNet.position.z,CatchNet.orientation.x,CatchNet.orientation.y,CatchNet.orientation.z,CatchNet.orientation.w,TrashPickup.position.x,TrashPickup.position.y,TrashPickup.position.z,TrashPickup.orientation.x,TrashPickup.orientation.y,TrashPickup.orientation.z,TrashPickup.orientation.w,TrashPickup.velocity.x,TrashPickup.velocity.y,TrashPickup.velocity.z,Velocity_abs,Distance,Velocity_rel,Acceleration,Released,Moving,Freefall,Passed
1651820649.2897158,,,,,,,,,,,,,,,,,,,,,,,,,0.0,0.0,,,-10,-10,-10,-10
1651820649.2997158,,,,,,,,,,,,,,,,,,,,,,,,,0.0,0.0,,,-10,-10,-10,-10
1651820649.3097155,,,,,,,,,,,,,,,,,,,,,,,,,0.0,0.0,,,-10,-10,-10,-10
1651820649.3197155,,,,,,,,,,,,,,,,,,,,,,,,,0.0,0.0,,,-10,-10,-10,-10
1651820649.3297155,,,,,,,,,,,,,,,,,,,,,,,,,0.0,0.0,0.0,,-10,-10,-10,-10
1651820649.3397155,,,,,,,,,,,,,,,,,,,,,,,,,0.0,0.0,0.0,,-10,-10,-10,-10
1651820649.3497157,,,,,,,,,,,,,,,,,,,,,,,,,0.0,0.0,0.209433894656889,,-10,-10,-10,-10
1651820649.3597157,,,,,,,,,,,,,,,,,,,,,,,,,0.0,0.0,0.4189496148932967,,-10,-10,-10,-10
1651820649.3697157,,,,,,,,,,,,,,,,,,,,,,,,,0.0,0.0,0.628531909303591,2.0956481208480673,-10,-10,-10,-10
1651820649.3797157,,,,,,,,,,,,,,,,,,,,,,,,,0.0,0.0,0.8380416556726304,0.8387935210756128,-10,-10,-10,-10
1651820649.3897157,0.9176327228546144,-1.7213985979557038,0.2086394391953945,0.7147983551025391,0.13058547899127,0.1729489237070083,-0.6648692816495896,0.117847193032503,-2.483960247039795,0.0409820921719073,0.0034617784433066,0.0048086138209327,0.7095406830310822,-0.7046395272016526,0.913456043601036,-1.739715850353241,0.417228963971138,-0.7043700098991394,-0.0512951707467436,0.7073503494262695,-0.0296451755799352,,,,0.0,0.209433894656889,0.8381189771513475,-0.8370339445999773,-10,-10,-10,-10
1651820649.3997157,0.9178054511547088,-1.721325296163559,0.2082335337996482,0.714614537358284,0.1310879498720168,0.1729427784681319,-0.6649691313505173,0.1178477052599191,-2.4839603900909424,0.0409645268693565,0.0034238677471875,0.0048150229966267,0.7095405191183091,-0.7046398311853409,0.9134807854890824,-1.7396466374397277,0.4169018417596817,-0.7045704364776612,-0.0514206895604728,0.7071364283561706,-0.0297805950976907,0.0024741888046353466,0.006921291351336123,-0.03271222114563099,0.03352782868740132,0.20951572023640772,0.62868211405486,-2.094009771256289,-10,-10,-10,-10
1651820649.4097157,0.9179781794548034,-1.7212519943714142,0.207827628403902,0.7144307196140289,0.1315904207527637,0.1729366332292556,-0.665068981051445,0.1178482174873351,-2.4839605331420898,0.0409469615668057,0.0033859570510685,0.0048214321723207,0.7095403552055359,-0.7046401351690292,0.9135114252567292,-1.7395722150802613,0.416559886932373,-0.7047775149345398,-0.0515705505385994,0.706913810968399,-0.0299220248125493,0.003063976764683396,0.007442235946641951,-0.03419548273086992,0.03512984299277798,0.20958229441029444,0.4191888835194152,-2.7224412214983236,-10,-10,-10,-10
1651820649.4197156,0.9181817054748536,-1.721177214384079,0.2075020410120486,0.7143722355365754,0.1318751707673072,0.1731115914881228,-0.6650290548801422,0.1178463201969861,-2.483961021900177,0.0409328786656259,0.0033448861446231,0.0048386580310761,0.7095416098833084,-0.7046389490365982,0.913577190041542,-1.739490032196045,0.4161591112613678,-0.7050506204366684,-0.0516921715810894,0.7066258907318115,-0.0300883056595921,0.006576478481279402,0.0082182884216353,-0.04007756710052157,0.0414367194465576,0.20950974636903932,0.20971896520376676,-2.7222712187760374,-10,-10,-10,-10
1651820649.4297156,0.9183852314949036,-1.7211024343967438,0.2071764536201953,0.7143137514591217,0.1321599207818507,0.1732865497469901,-0.6649891287088394,0.1178444229066371,-2.483961510658264,0.0409187957644462,0.0033038152381777,0.0048558838898315,0.709542864561081,-0.7046377629041671,0.913663610816002,-1.7394247591495513,0.4158315479755401,-0.7053025215864182,-0.0517389131709932,0.7063691645860672,-0.0301287174224853,0.00864207744599721,0.006527304649361909,-0.032756328582767,0.03450026479304751,0.20951121613560603,0.0003331671483881582,-2.0938840686797997,-10,-10,-10,-10
1651820649.4397156,0.9185887575149536,-1.7210276544094083,0.206850866228342,0.7142552673816681,0.1324446707963943,0.1734615080058574,-0.6649492025375366,0.1178445234894752,-2.4839622378349304,0.040906661748886,0.0032681533135473,0.0048726085340603,0.7095425605773926,-0.7046381235122681,0.9137500315904618,-1.739359486103058,0.4155039846897125,-0.7055544227361679,-0.051785654760897,0.7061124384403229,-0.0301691291853785,0.008642077445975005,0.006527304649339705,-0.03275632858276145,0.034500264793032476,0.20951275179680914,0.00039136989300692093,-1.256271909204875,-10,-10,-10,-10
1651820649.4497156,0.918833503127098,-1.721003532409668,0.2064310118556022,0.7138132184743882,0.1324605748057365,0.1738730989396571,-0.6653102219104767,0.1178446240723132,-2.483962965011597,0.0408945277333259,0.0032324913889169,0.0048893331782891,0.7095422565937042,-0.704638484120369,0.9138364523649216,-1.7392942130565645,0.4151764214038849,-0.7058063238859177,-0.0518323963508009,0.7058557122945786,-0.0302095409482717,0.008642077445986107,0.006527304649339705,-0.03275632858276145,0.03450026479303526,0.20960478411125733,0.0004899324389437965,-0.6284775265198145,-10,-10,-10,-10
1651820649.4597156,0.9190782487392426,-1.7209794104099274,0.2060111574828624,0.7133711695671081,0.1324764788150787,0.1742846898734568,-0.6656712412834167,0.1178447246551513,-2.483963692188263,0.0408823937177657,0.0031968294642865,0.0049060578225179,0.7095419526100158,-0.7046388447284698,0.9139406770467758,-1.7392002940177915,0.4147766694426537,-0.7060806930065155,-0.0519464407116173,0.705569189786911,-0.0303009538911282,0.010422468185422584,0.009391903877298269,-0.03997519612312095,0.04236569374622042,0.20962212246368542,0.0005459421418769761,-0.21048576662653384,-10,-10,-10,-10
1651820649.4697156,0.919286796450615,-1.72096289396286,0.2056827083230018,0.7128702044487,0.1324683099985122,0.1746222548186778,-0.6661197066307067,0.1178436156362294,-2.483964037895203,0.0408798340708016,0.0031904302421025,0.00490875239484,0.7095433562994004,-0.7046374469995499,0.9140463292598724,-1.7391212046146394,0.4144642099738121,-0.7063066571950912,-0.051924712024629,0.7053457617759704,-0.0302728010341524,0.010565221309655204,0.007908940315215496,-0.031245946884156384,0.03391879176679434,0.20963516444926666,0.000397626775762161,-0.0018996117663392376,-10,-10,-10,-10
1651820649.4797156,0.9194953441619872,-1.720946377515793,0.2053542591631412,0.7123692393302917,0.1324601411819457,0.1749598197638988,-0.6665681719779968,0.1178425066173076,-2.4839643836021423,0.0408772744238376,0.0031840310199185,0.0049114469671621,0.7095447599887847,-0.7046360492706298,0.914151981472969,-1.7390421152114868,0.4141517505049704,-0.706532621383667,-0.0519029833376406,0.7051223337650299,-0.0302446481771766,0.010565221309666306,0.007908940315259905,-0.031245946884173037,0.03391879176682349,0.20964827602014519,0.00021771936497194666,-0.002370515975264942,-10,-10,-10,-10
1651820649.4897156,0.9197196245193482,-1.720827490091324,0.2049960061907768,0.7122401744127274,0.132778838276863,0.1751079745590686,-0.6666038185358047,0.1178393196314573,-2.4839646458625797,0.0408903637900947,0.0032073909300378,0.0049109083600341,0.7095477163791657,-0.704632967710495,0.9142576336860656,-1.7389630258083344,0.4138392910361289,-0.7067585855722427,-0.0518812546506523,0.7048989057540893,-0.0302164953202008,0.010565221309655204,0.0079089403152377,-0.031245946884150833,0.0339187917667944,0.2097003782175957,-6.429037848532104e-06,-0.002394820157465505,-10,-10,-10,-10
1651820649.4997156,0.919943904876709,-1.7207086026668548,0.2046377532184123,0.712111109495163,0.1330975353717803,0.1752561293542384,-0.6666394650936127,0.1178361326456069,-2.483964908123016,0.0409034531563519,0.0032307508401572,0.0049103697529062,0.7095506727695465,-0.7046298861503602,0.914356353878975,-1.7388747692108155,0.4134752988815307,-0.7069874554872513,-0.0518407193943857,0.7046727806329727,-0.0302146011963486,0.009872019290935174,0.008825659751887649,-0.03639921545982028,0.038733085612007535,0.20970062186758115,-0.0001612490453137827,-0.001970921808138293,-10,-10,-10,-10
1651820649.5097156,0.9201068222522736,-1.7206161737442016,0.2043705351650714,0.7120256125926971,0.1334410361945628,0.1752496682107448,-0.6666632533073426,0.1178258225321769,-2.4839648365974427,0.0409194421023129,0.0032743479125201,0.0048936931649222,0.7095593094825745,-0.7046210765838623,0.9144543141126632,-1.738785743713379,0.4131042197346686,-0.7072144716978073,-0.0518014652654528,0.7044481337070465,-0.0302192281931638,0.009796023368824347,0.008902549743661226,-0.037107914686207444,0.03939815729370811,0.20959922517779805,-0.00018924142593301774,-0.0013801971954721104,-10,-10,-10,-10
1651820649.5197155,0.920269739627838,-1.7205237448215485,0.2041033171117305,0.7119401156902313,0.1337845370173454,0.1752432070672511,-0.6666870415210724,0.1178148712962865,-2.483964574337006,0.0409257099032401,0.0032865064218639,0.0048917140113189,0.7095685094594956,-0.7046117722988129,0.9145259022712708,-1.7387122631072998,0.412825921177864,-0.7073728770017624,-0.0518058191984891,0.7042859762907028,-0.0302850562147795,0.007158815860763834,0.007348060607914597,-0.027829855680461257,0.029660470434927557,0.20959231692301541,-0.00018872521657975483,-0.001049100681073556,-10,-10,-10,-10
1651820649.5297155,0.9204242408275604,-1.7204299807548522,0.2038095667958259,0.7118825107812882,0.1341022446751594,0.1752670034766196,-0.6666781932115555,0.1178034208714961,-2.4839640855789185,0.0409297415986656,0.0032936509815044,0.0048920705448835,0.7095777094364166,-0.7046024739742279,0.9145974904298784,-1.7386387825012206,0.4125476226210593,-0.7075312823057175,-0.0518101731315254,0.7041238188743592,-0.0303508842363953,0.007158815860752732,0.007348060607914597,-0.02782985568046681,0.029660470434930086,0.20961175403811136,-0.00020438374808406934,-0.0009533637189744759,-10,-10,-10,-10
1651820649.5397155,0.9205605924129486,-1.7203295469284057,0.2035056725144385,0.7118137568235398,0.1344421483576297,0.1752379588782786,-0.6666905999183654,0.1177919704467058,-2.483963596820831,0.0409337732940911,0.0033007955411448,0.0048924270784481,0.7095869094133377,-0.704593175649643,0.9146690785884856,-1.7385653018951417,0.4122693240642546,-0.7076896876096725,-0.0518145270645617,0.7039616614580154,-0.030416712258011,0.007158815860719425,0.007348060607892393,-0.02782985568047236,0.029660470434921756,0.20964139596645437,-0.00023371217277889933,-0.0010286904133032237,-10,-10,-10,-10
1651820649.5497155,0.9206969439983368,-1.7202291131019591,0.2032017782330512,0.7117450028657913,0.1347820520401001,0.1752089142799376,-0.6667030066251755,0.1177805200219154,-2.483963108062744,0.0409378049895166,0.0033079401007853,0.0048927836120128,0.7095961093902587,-0.704583877325058,0.9147264182567596,-1.7384806156158448,0.4119701802730559,-0.7078143388032914,-0.051910107769072,0.7038231045007706,-0.0305589046329259,0.00573396682740368,0.008468627929691941,-0.029914379119871937,0.03161433397553639,0.20964973220107447,-0.00030570800045759405,-0.0011153257201073075,-10,-10,-10,-10
1651820649.5597155,0.9208083122968672,-1.7200802862644196,0.2029997065663337,0.7121523916721344,0.1353970400989055,0.1749641932547092,-0.6662115693092346,0.1177726473659277,-2.483962750434876,0.0409608269110321,0.0033759364858269,0.0048648792551829,0.7096025466918945,-0.7045771986246109,0.9147781521081924,-1.73839151263237,0.4116679310798644,-0.707929840683937,-0.0520228296518325,0.7036923944950104,-0.0307018681429326,0.005173385143275588,0.008910298347486467,-0.0302249193191495,0.031932790017957735,0.20955689386090035,-0.0004444969038763791,-0.00083659248267276,-10,-10,-10,-10
1651820649.5697155,0.920919680595398,-1.71993145942688,0.2027976348996162,0.7125597804784775,0.136012028157711,0.1747194722294806,-0.6657201319932937,0.1177648417651653,-2.483962321281433,0.0409860523417591,0.0034516894025727,0.0048319644294678,0.7096091538667679,-0.704570347070694,0.9148094326257704,-1.738324338197708,0.4114395186305045,-0.707983136177063,-0.0521770771592855,0.7036188274621964,-0.0308936459943651,0.0031280517578058387,0.0067174434661865234,-0.02284124493598938,0.024013146914696224,0.209540136409477,-0.0005150913675366908,-0.00012743553584848577,-10,-10,-10,-10
1651820649.5797155,0.9210310488939284,-1.7197826325893402,0.2025955632328986,0.7129671692848205,0.1366270162165165,0.1744747512042522,-0.6652286946773529,0.1177570361644029,-2.483961892127991,0.0410112777724861,0.0035274423193186,0.0047990496037527,0.7096157610416413,-0.704563495516777,0.9148407131433488,-1.7382571637630462,0.4112111061811446,-0.7080364316701889,-0.0523313246667384,0.7035452604293824,-0.0310854238457977,0.0031280517578391454,0.0067174434661865234,-0.02284124493598938,0.02401314691470056,0.20952344336227535,-0.0005069935773431844,0.0009628072756946437,-10,-10,-10,-10
1651820649.5897155,0.9210586428642272,-1.7196279764175415,0.2023797616362571,0.713364115357399,0.1373548366129398,0.174057700484991,-0.6647693037986755,0.1177492305636405,-2.4839614629745483,0.0410365032032131,0.0036031952360644,0.0047661347780376,0.7096223682165146,-0.7045566439628601,0.9148719936609268,-1.7381899893283843,0.4109826937317847,-0.7080897271633149,-0.0524855721741914,0.7034716933965683,-0.0312772016972303,0.0031280517577947364,0.0067174434661865234,-0.02284124493598938,0.024013146914694777,0.209518510472269,-0.0004648064347267944,0.0021039477551176855,-10,-10,-10,-10
1651820649.5997157,0.921005254983902,-1.719562429189682,0.2022052846848964,0.7133587509393692,0.1375220917165279,0.1739100098609924,-0.6647780954837799,0.1177549116313457,-2.483961594104767,0.041073010675609,0.0036796783795579,0.0047513710334896,0.7096169054508209,-0.7045618265867233,0.9148128926753998,-1.7380999386310578,0.4107601091265678,-0.7080604523420334,-0.052742339670658,0.7034688413143158,-0.0315539610572158,-0.005910098552697196,0.009005069732648252,-0.022258460521690226,0.024727709367996332,0.20946861198075772,-0.0002822302409664079,0.0028408347531674316,-10,-10,-10,-10
1651820649.6097157,0.9209518671035768,-1.7194968819618226,0.2020308077335357,0.7133533865213394,0.137689346820116,0.1737623192369937,-0.6647868871688842,0.1177580635994672,-2.4839621424674987,0.0411098944023251,0.003753781504929,0.0047399949748068,0.709613835811615,-0.7045645922422409,0.9147478938102722,-1.7380150973796844,0.4105523571372032,-0.708024525642395,-0.0529747650027274,0.703474685549736,-0.0318247102200984,-0.006499886512756348,0.008484125137342424,-0.02077519893645685,0.023363171763999754,0.20943411888370175,-6.170610800904086e-05,0.0027308396425507198,-10,-10,-10,-10
1651820649.6197157,0.9208984792232512,-1.719431334733963,0.201856330782175,0.7133480221033096,0.1378566019237041,0.1736146286129951,-0.6647956788539886,0.1177636250853538,-2.483962345123291,0.0411432957276701,0.0038310448406263,0.0047178022330626,0.7096093475818634,-0.7045688480138779,0.9146477699279784,-1.737938016653061,0.4104034259915352,-0.7079225718975067,-0.0532354302704333,0.7035458326339722,-0.0320706082507967,-0.01001238822938566,0.007708072662349075,-0.014893114566805199,0.019531184391223665,0.20945992352383455,0.00027254161474732364,0.002026338965146257,-10,-10,-10,-10
1651820649.6297154,0.9205284118652344,-1.719328111410141,0.201719058305025,0.7133355647325516,0.1380105711519718,0.173267825692892,-0.6648652672767639,0.1177691865712404,-2.4839625477790834,0.0411766970530151,0.0039083081763237,0.0046956094913184,0.7096048593521118,-0.7045731037855149,0.9145476460456848,-1.7378609359264374,0.4102544948458672,-0.7078206181526184,-0.0534960955381393,0.7036169797182084,-0.032316506281495,-0.010012388229352354,0.007708072662349075,-0.014893114566799648,0.01953118439120236,0.2094427450107063,0.0004030526401319623,0.0007625439486615981,-10,-10,-10,-10
1651820649.6397154,0.9201583445072176,-1.719224888086319,0.2015817858278751,0.7133231073617935,0.1381645403802394,0.1729210227727889,-0.6649348556995391,0.1177747480571269,-2.483962750434876,0.0412100983783602,0.003985571512021,0.0046734167495741,0.7096003711223602,-0.7045773595571518,0.9140174865722656,-1.737717437744141,0.4101937025785446,-0.7074154704809189,-0.0538340946659445,0.7039842218160629,-0.0325364086776971,-0.05301594734192783,0.014349818229653089,-0.006079226732258469,0.055259071232227154,0.2095199664457126,0.00029555832281413785,-0.0007470312686248537,-10,-10,-10,-10
1651820649.6497154,0.919747057557106,-1.7190710067749024,0.2015387803316116,0.7136942148208618,0.1385873556137085,0.1723375871777534,-0.6646034985780715,0.1177842989563941,-2.48396372795105,0.0412554915994405,0.0040988815017044,0.0046363854547961,0.7095920473337174,-0.7045853197574615,0.913305413722992,-1.737551122903824,0.410189326107502,-0.7068811476230621,-0.0542179238051175,0.7044758379459382,-0.0327270705252885,-0.07120728492735484,0.016631484031681687,-0.00043764710426219544,0.07312506562601806,0.2095663611365167,-9.434555715781556e-06,-0.0021370436386465297,-10,-10,-10,-10
1651820649.6597154,0.9193357706069948,-1.7189171254634856,0.201495774835348,0.7140653222799301,0.1390101708471775,0.1717541515827178,-0.664272141456604,0.1177969630807637,-2.483964240550995,0.0413014423102139,0.0042082937899976,0.0046033044345676,0.7095808863639832,-0.7045961380004883,0.912575536966324,-1.7374134540557862,0.4102571383118629,-0.7063243567943573,-0.0545344501733779,0.7049972504377365,-0.0328667311929165,-0.07298767566680242,0.013766884803789736,0.0067812204360917505,0.0745835965011478,0.20968815372081556,2.142619687051095e-05,-0.0026794772159843827,-10,-10,-10,-10
1651820649.6697154,0.917571023106575,-1.7185348331928254,0.2017336599528789,0.7144175678491592,0.1392878770828247,0.1704515360295772,-0.6641624748706818,0.1178108368068933,-2.4839651346206666,0.0413378186523913,0.0042884433758444,0.0045842534862458,0.7095680177211762,-0.7046087145805359,0.9118456602096556,-1.7372757852077485,0.4103249505162239,-0.7057675659656525,-0.0548509765416383,0.7055186629295349,-0.0330063918605446,-0.07298767566683573,0.013766884803767532,0.006781220436102853,0.07458359650117731,0.20950973619765,-8.120718426218865e-05,-0.0013437952008934495,-10,-10,-10,-10
1651820649.6797154,0.9158062756061554,-1.718152540922165,0.2019715450704097,0.7147698134183884,0.1395655833184719,0.1691489204764365,-0.6640528082847595,0.1178247105330228,-2.4839660286903382,0.0413741949945687,0.0043685929616912,0.004565202537924,0.7095551490783691,-0.7046212911605835,0.9111157834529876,-1.7371381163597106,0.4103927627205849,-0.7052107751369476,-0.0551675029098987,0.7060400754213333,-0.0331460525281726,-0.07298767566680242,0.013766884803789736,0.006781220436097302,0.0745835965011483,0.20933670666683224,-0.0003461578196135573,0.0006134126483594571,-10,-10,-10,-10
1651820649.6897154,0.9140257954597472,-1.7178726196289062,0.2022392340004443,0.7147501587867737,0.1395164236426353,0.168035715073347,-0.6643559604883194,0.1178385842591523,-2.48396692276001,0.0414105713367461,0.004448742547538,0.0045461515896021,0.7095422804355621,-0.7046338677406311,0.9098667055368423,-1.7369384467601776,0.4106403186917305,-0.704214346408844,-0.0557537434622644,0.706962326169014,-0.0333002952858805,-0.12490779161452581,0.019966959953299224,0.024755597114561878,0.1288932716796845,0.20931272272294146,-0.0008216583619569118,0.0024401185775675405,-10,-10,-10,-10
1651820649.6997154,0.9122453153133392,-1.7175926983356475,0.202506922930479,0.714730504155159,0.1394672639667988,0.1669225096702575,-0.6646591126918793,0.1178500954061746,-2.483968448638916,0.0414534386247395,0.0045616917544975,0.0045055475551634,0.709530720114708,-0.7046449959278107,0.9073607623577118,-1.7366599678993224,0.411433058977127,-0.7021649062633515,-0.0567102314904331,0.7088298529386521,-0.0334098724648356,-0.2505943179130554,0.027847886085519136,0.07927402853964982,0.2643054833533477,0.20985125672621702,-0.00046873582817408277,0.004728042345706562,-10,10,-10,-10
1651820649.7097154,0.9078230887651444,-1.717078024148941,0.2035093531012534,0.7148555099964142,0.1388626232743263,0.1650336802005767,-0.6650838434696198,0.1178687296807765,-2.4839703083038334,0.0414934063330292,0.0046544037992134,0.0044810815015807,0.7095134794712067,-0.7046618521213531,0.904855579137802,-1.736382257938385,0.4122328862547874,-0.7001173198223114,-0.0576654383912682,0.7106959015130997,-0.0335129285231232,-0.2505183219909779,0.02777099609374556,0.07998272776603699,0.26443882963383064,0.20963533301349818,0.0010033594129519319,0.0060167275505946805,-10,10,-10,-10
1651820649.7197154,0.9025000631809236,-1.7165262341499328,0.2048124387860297,0.7144927442073822,0.13838547244668,0.1628333121538162,-0.6660587280988693,0.1178880050778388,-2.483972358703613,0.0415430951863526,0.0047785544069483,0.0044419180136173,0.7094956755638122,-0.7046792030334472,0.9023503959178923,-1.7361045479774475,0.4130327135324478,-0.6980697333812713,-0.0586206452921032,0.7125619500875473,-0.0336159845814108,-0.2505183219909668,0.02777099609374556,0.07998272776604254,0.26443882963382176,0.20913874721842463,0.0011267902052451984,0.008988619736441938,-10,10,-10,-10
1651820649.729715,0.8971854537725449,-1.7159757792949677,0.2061420567333697,0.7141020864248275,0.1379341147840023,0.1606026865541934,-0.6670662492513657,0.1179072804749011,-2.4839744091033937,0.0415927840396761,0.0049027050146832,0.0044027545256539,0.7094778716564178,-0.7046965539455414,0.8998452126979828,-1.7358268380165096,0.4138325408101082,-0.6960221469402313,-0.0595758521929382,0.7144279986619949,-0.0337190406396984,-0.2505183219909557,0.027770996093789968,0.07998272776603699,0.26443882963381427,0.2086539624017179,0.00036333142482347647,0.015880855286944495,-10,10,-10,-10
1651820649.739715,0.8918889939785004,-1.715431994199753,0.2074818186461925,0.7137225776910782,0.1374605610966682,0.1584249019622802,-0.6680525153875351,0.1179315757006406,-2.483976364135742,0.0416505154222249,0.0050335980020462,0.004369847010821,0.7094556599855423,-0.7047182500362397,0.8940093219280243,-1.7354831039905545,0.4164619296789169,-0.6907703191041946,-0.0614676119759678,0.7188571035861969,-0.0337580053135752,-0.5835890769958496,0.03437340259551114,0.2629388868808702,0.6410106082031809,0.2099505408464244,0.0010069641337238089,0.021529643766827533,-10,10,-10,-10
1651820649.749715,0.8865925341844558,-1.714888209104538,0.2088215805590152,0.7133430689573288,0.1369870074093341,0.156247117370367,-0.6690387815237046,0.1179558709263801,-2.483978319168091,0.0417082468047737,0.0051644909894093,0.0043369394959881,0.7094334483146667,-0.7047399461269379,0.8881876796483994,-1.735150575637817,0.4191121637821197,-0.6855522453784942,-0.0632681449875235,0.7232626080513,-0.0337206056341528,-0.5821642279624895,0.033252835273756,0.26502341032028087,0.6405141273935313,0.21127053126002573,0.0018018825927954563,0.022985990874600182,-10,10,-10,-10
1651820649.7597153,0.8746164590120316,-1.7140918135643006,0.2135508604347705,0.7123971372842789,0.1359554838389158,0.1521405819803475,-0.6710066646337509,0.1179765883833169,-2.4839801430702213,0.0417469879612326,0.0052345321513711,0.0043322928715497,0.7094139993190766,-0.7047590225934982,0.8823716431856156,-1.7348224639892575,0.4217655032873154,-0.6803433209657669,-0.0650515368208288,0.7276602655649185,-0.0336824348196386,-0.5816036462783836,0.03281116485593927,0.26533395051956954,0.640110521083536,0.2093877748265662,0.005183248988306577,0.01660545912981992,-10,10,-10,-10
1651820649.7697153,0.8626403838396073,-1.7132954180240632,0.2182801403105258,0.711451205611229,0.1349239602684974,0.1480340465903281,-0.6729745477437973,0.1179973058402537,-2.4839819669723515,0.0417857291176914,0.005304573313333,0.0043276462471112,0.7093945503234863,-0.7047780990600586,0.8765556067228317,-1.734494352340698,0.4244188427925109,-0.6751343965530395,-0.0668349286541342,0.732057923078537,-0.0336442640051245,-0.5816036462783836,0.03281116485596147,0.2653339505195529,0.6401105210835304,0.20769254417288835,0.008728515000184789,-0.001629631126485842,-10,10,-10,-10
1651820649.7797153,0.8506643086671829,-1.7124990224838257,0.2230094201862811,0.710505273938179,0.1338924366980791,0.1439275112003087,-0.6749424308538436,0.1180180232971906,-2.4839837908744817,0.0418244702741503,0.0053746144752948,0.0043229996226727,0.7093751013278962,-0.7047971755266189,0.865915584564209,-1.73428161740303,0.4312539756298065,-0.6644578710198402,-0.0700478283688425,0.7399205148220063,-0.0332233963534235,-1.0640022158622697,0.02127349376679355,0.6835132837295588,1.2648097429778244,0.2099354132341013,0.007840742400387235,-0.025380326281770893,-10,10,-10,-10
1651820649.7897153,0.8387720078229904,-1.7117084562778473,0.2277524299919605,0.7095697849988938,0.1327480807900428,0.1399933055043219,-0.6768782675266266,0.1180402271449565,-2.483984887599945,0.0418511634692549,0.0054281143005936,0.0043141627451404,0.7093551009893417,-0.7048169732093811,0.8552755624055862,-1.7340688824653625,0.438089108467102,-0.6537813454866409,-0.0732607280835508,0.7477831065654754,-0.0328025287017225,-1.0640022158622808,0.02127349376674914,0.6835132837295477,1.264809742977827,0.21216473383930487,0.0047339296624659966,-0.04123778212587026,-10,10,-10,-10
1651820649.7997153,0.8268797069787979,-1.710917890071869,0.2324954397976398,0.7086342960596085,0.1316037248820066,0.1360590998083352,-0.6788141041994095,0.1180489443242549,-2.4839854240417485,0.0418665746226906,0.0054808838991447,0.004287174786441,0.7093471705913543,-0.7048247367143631,0.8447259217500687,-1.7338790237903592,0.4449184134602547,-0.643187390267849,-0.0763711078092455,0.7555749833583831,-0.0322966795414685,-1.0549640655517556,0.01898586750033182,0.6829304993152707,1.256862645504764,0.21440433946860468,-0.0003987595766301588,-0.04365574549430895,-10,10,-10,-10
1651820649.8097153,0.8076942533254623,-1.710274374485016,0.2432360105216502,0.7059639930725098,0.1284941535443067,0.127796250139363,-0.6829302370548248,0.1180601906031369,-2.483985543251038,0.0418816095218061,0.0055360335158183,0.0042567991418763,0.7093368470668793,-0.7048349171876908,0.8341762810945511,-1.733689165115356,0.4517477184534073,-0.632593435049057,-0.0794814875349401,0.7633668601512908,-0.0317908303812145,-1.0549640655517556,0.018985867500309617,0.6829304993152596,1.2568626455047576,0.2114868377929081,-0.005450116473059596,-0.026873289862145988,-10,10,-10,-10
1651820649.8197153,0.7874392628669739,-1.7097338318824769,0.2550443433225154,0.7024894714355469,0.1246027942746877,0.1187782200286164,-0.6878144830465317,0.118071436882019,-2.483985662460328,0.0418966444209217,0.0055911831324919,0.0042264234973117,0.7093265235424042,-0.7048450976610183,0.8236266404390336,-1.733499306440353,0.4585770234465599,-0.621999479830265,-0.0825918672606348,0.7711587369441986,-0.0312849812209605,-1.0549640655517556,0.018985867500309617,0.6829304993152596,1.2568626455047576,0.2080862224054742,-0.0075447691795365035,0.005632884046972597,-10,10,-10,-10
1651820649.8297153,0.7675009518861771,-1.7092309653759004,0.2668154716491698,0.6990220427513123,0.1207247208803891,0.1099593022139742,-0.6926379323005676,0.1180319678038358,-2.483986353874207,0.0420124555006622,0.0057955294148995,0.0042208629427477,0.7093609243631362,-0.7048085421323776,0.8092553675174713,-1.733796894550323,0.4701673179864883,-0.6059627518057823,-0.0866433663293718,0.7815217733383178,-0.0304805682972073,-1.4371272921562261,-0.029758810997004836,1.1590294539928436,1.8465020216385335,0.20904279348906057,-0.0042897479149699436,0.039392836820743016,-10,10,-10,-10
1651820649.8397152,0.7475626409053803,-1.7087280988693236,0.2785865999758243,0.6955546140670776,0.1168466474860906,0.101140384399332,-0.6974613815546036,0.1179924987256526,-2.483987045288086,0.0421282665804027,0.0059998756973072,0.0042153023881837,0.7093953251838684,-0.7047719866037369,0.7953141301870346,-1.7341609001159664,0.4816694736480713,-0.5902292177081108,-0.0906175315380095,0.7915887147188186,-0.0297021510079502,-1.3941237330436729,-0.036400556564331055,1.150215566158297,1.8077338941853889,0.21016585280878766,0.00011532412460169006,0.06679572991516158,-10,10,-10,-10
1651820649.8497152,0.7276243299245835,-1.7082252323627471,0.2903577283024787,0.692087185382843,0.112968574091792,0.0923214665846898,-0.7022848308086396,0.1179490402340888,-2.4839869618415835,0.042232085764408,0.0061681753257288,0.0042245803866535,0.7094335615634918,-0.7047317266464234,0.7815548062324524,-1.7345477223396295,0.4931152135133743,-0.5746248587965965,-0.0945458667352795,0.8015312820672988,-0.0289529742673038,-1.3759323954582126,-0.038682222366315244,1.1445739865303006,1.7901776118141006,0.21145204553851737,0.0057503305941666305,0.0847113647729334,-10,10,-10,-10
1651820649.8597152,0.7026394695043564,-1.708228635787964,0.3069461844861507,0.6849852561950683,0.1054190588649362,0.0793202257947995,-0.7097639501094818,0.1179024685174226,-2.48398734331131,0.0423353474587201,0.0063403726555406,0.0042299081105738,0.7094746351242065,-0.7046886086463928,0.7677954822778702,-1.734934544563293,0.5045609533786773,-0.5590204998850823,-0.0984742019325494,0.8114738494157792,-0.0282037975266575,-1.3759323954582237,-0.03868222236635965,1.1445739865303062,1.7901776118141137,0.20978586331901686,0.010782773256337697,0.09471161200771205,-10,10,-10,-10
1651820649.8697152,0.6790080696344376,-1.7084604501724243,0.3232537500560283,0.6779021888971328,0.0980146526359021,0.0670381649630143,-0.7170213788747788,0.1178558968007564,-2.483987724781037,0.0424386091530322,0.0065125699853524,0.0042352358344942,0.7095157086849213,-0.7046454906463623,0.7523132234811782,-1.7357437014579769,0.51862673163414,-0.5406492501497269,-0.101632404886186,0.8226006478071213,-0.0271412901114671,-1.5482258796691961,-0.08091568946837491,1.4065778255462624,2.0933255605848915,0.210448623925,0.014084693278876736,0.10364338253301475,10,10,-10,-10
1651820649.8797152,0.6553766697645187,-1.7086922645568847,0.3395613156259059,0.6708191215991974,0.090610246406868,0.0547561041312291,-0.7242788076400757,0.1178284041583537,-2.483990097045899,0.0425018485635518,0.0066375092836096,0.0042250125901773,0.709541991353035,-0.7046179354190827,0.7368309646844864,-1.7365528583526608,0.5326925098896027,-0.5222780004143714,-0.1047906078398227,0.8337274461984634,-0.0260787826962768,-1.548225879669185,-0.08091568946839711,1.4065778255462735,2.0933255605848915,0.21144898449811506,0.018494539641584318,0.12135564351921158,10,10,-10,-10
1651820649.8897152,0.6317452698945999,-1.7089240789413451,0.3558688811957836,0.6637360543012619,0.083205840177834,0.0424740432994439,-0.7315362364053726,0.1178009115159511,-2.4839924693107607,0.0425650879740714,0.0067624485818668,0.0042147893458604,0.7095682740211486,-0.704590380191803,0.7218679070472718,-1.73742401599884,0.5465785443782807,-0.504346388578415,-0.1076790966093539,0.8444534063339233,-0.0250016931910067,-1.4963057637214616,-0.0871157646179288,1.3886034488677979,2.0432179602770173,0.21284856534826543,0.02418004915317029,0.1496717068588307,10,10,-10,-10
1651820649.8997152,0.6081138700246811,-1.7091558933258058,0.3721764467656612,0.6566529870033264,0.0758014339487999,0.0301919824676588,-0.7387936651706696,0.1177757814526557,-2.483994209766388,0.0426218364387749,0.0068545882590114,0.0042261191876604,0.7095932483673095,-0.7045642733573914,0.7081686466932297,-1.7383831501007077,0.5599709272384643,-0.4874648824334144,-0.1102161444723605,0.8542367875576019,-0.0239430105313658,-1.369926035404212,-0.09591341018675426,1.3392382860183627,1.918190791206484,0.21478351372679702,0.03198346755834258,0.19036246969020154,10,10,-10,-10
1651820649.9097152,0.5812509745359421,-1.7103584587574006,0.3923652127385139,0.6438507780432701,0.0637080523651093,0.0145613706903531,-0.7483094602823257,0.1177506513893603,-2.4839959502220155,0.0426785849034785,0.006946727936156,0.0042374490294605,0.7096182227134704,-0.7045381665229797,0.6944693863391876,-1.7393422842025754,0.573363310098648,-0.470583376288414,-0.1127531923353671,0.8640201687812805,-0.0228843278717248,-1.3699260354042009,-0.09591341018677646,1.3392382860183738,1.9181907912064848,0.21545018486108167,0.04134400624005363,0.24195901447455181,10,10,-10,-10
1651820649.9197152,0.555288878083229,-1.711598140001297,0.4122533231973648,0.631536340713501,0.0514871809165924,-0.0007577025098726,-0.7572751015424728,0.1177442908287047,-2.483995735645294,0.0426636964082717,0.0069286186015232,0.0042299471213482,0.7096237212419509,-0.7045328199863434,0.6801086574792862,-1.7405398428440093,0.5877136707305908,-0.4526950627565383,-0.1135519728064536,0.874342742562294,-0.0213681835797614,-1.4360728859901473,-0.11975586414338935,1.4350360631942727,2.0337097392550683,0.21726466129676192,0.054581241821627824,0.3023483765438131,10,10,-10,-10
1651820649.9297152,0.529326781630516,-1.7128378212451936,0.4321414336562156,0.6192219033837318,0.0392663094680756,-0.0160767757100984,-0.7662407428026199,0.1177379302680491,-2.483995521068573,0.0426488079130648,0.0069105092668905,0.0042224452132358,0.7096292197704315,-0.704527473449707,0.6657479286193848,-1.7417374014854432,0.6020640313625336,-0.4348067492246628,-0.1143507532775401,0.8846653163433075,-0.019852039287798,-1.4360728859901362,-0.11975586414338935,1.4350360631942838,2.0337097392550683,0.21981720654917886,0.07087532800977203,0.36812584885512867,10,10,-10,-10
1651820649.9397151,0.5033646851778031,-1.71407750248909,0.4520295441150665,0.6069074660539627,0.0270454380195587,-0.0313958489103242,-0.775206384062767,0.1177265498787164,-2.483995401859284,0.0426258768886327,0.0068856575526296,0.004208687331993,0.7096391260623932,-0.7045177817344666,0.6547179073095322,-1.7430009841918943,0.6145848304033279,-0.4201226770877838,-0.1142129808664321,0.8924248337745666,-0.0183999863802454,-1.1030021309852645,-0.12635827064511052,1.2520799040794284,1.6734049718218265,0.22398345194171734,0.0911039489487171,0.43318796783358215,10,10,-10,-10
1651820649.9497151,0.4755000948905944,-1.7155779778957367,0.4731516256928444,0.5926480397582055,0.0128809656482189,-0.0478495479328557,-0.7846157252788544,0.1177151694893836,-2.483995282649994,0.0426029458642005,0.0068608058383687,0.0041949294507503,0.7096490323543548,-0.7045080900192261,0.6436878859996795,-1.744264566898346,0.6271056294441223,-0.4054386049509048,-0.1140752084553241,0.9001843512058259,-0.0169479334726928,-1.1030021309852645,-0.12635827064517713,1.2520799040794395,1.6734049718218398,0.2298083739505729,0.11414124532640879,0.49277892007978186,10,10,10,-10
1651820649.9597151,0.4505148410797119,-1.717844259738922,0.4929315075278282,0.5749852538108826,-0.0049247570801526,-0.0642080937279388,-0.7933829486370086,0.1177037891000508,-2.4839951634407043,0.0425800148397683,0.0068359541241079,0.0041811715695075,0.7096589386463166,-0.7044983983039856,0.632657864689827,-1.7455281496047974,0.6396264284849167,-0.3907545328140258,-0.1139374360442161,0.907943868637085,-0.0154958805651403,-1.1030021309852533,-0.12635827064513272,1.2520799040794395,1.6734049718218291,0.23550345781441784,0.14222991685206599,0.536394733210861,10,10,10,-10
1651820649.969715,0.4255295872688293,-1.7201105415821076,0.512711389362812,0.5573224678635598,-0.0227304798085242,-0.0805666395230218,-0.8021501719951629,0.1176904004067182,-2.483995807170868,0.0425648579373955,0.0068285428220405,0.0041639039292931,0.7096705138683319,-0.7044869065284729,0.621841338276863,-1.7467222690582276,0.6515716463327408,-0.3764095351099967,-0.1128156330436467,0.915670707821846,-0.0135379803716204,-1.0816526412963934,-0.11941194534301758,1.1945217847824097,1.6158941622005512,0.24192696953597007,0.17273950250113113,0.5594607299518959,10,10,10,-10
1651820649.979715,0.4005443334579467,-1.722376823425293,0.5324912711977958,0.5396596819162369,-0.0405362025368958,-0.0969251853181049,-0.8109173953533173,0.1176770117133855,-2.4839964509010315,0.0425497010350226,0.0068211315199732,0.0041466362890786,0.7096820890903472,-0.7044754147529602,0.6158487975597382,-1.747801011800766,0.659335070848465,-0.3675321385264396,-0.1102643221616744,0.9199326127767564,-0.0119627770152873,-0.599254071712485,-0.10787427425384966,0.7763424515724204,0.9866356488710829,0.25118071408157566,0.20286134678377232,0.5628208106059858,10,10,10,-10
1651820649.989715,0.3755590796470641,-1.7246431052684783,0.5522711530327797,0.5219968959689141,-0.0583419252652674,-0.1132837311131879,-0.8196846187114716,0.1176621366292237,-2.4839978218078613,0.042546592094004,0.0068302615545689,0.0041335589019581,0.7096942156553269,-0.7044632017612458,0.6098562568426132,-1.7488797545433044,0.6670984953641892,-0.3586547419428825,-0.1077130112797021,0.9241945177316666,-0.0103875736589543,-0.5992540717124961,-0.10787427425382745,0.7763424515724204,0.9866356488710872,0.26204560854318504,0.232852678962983,0.5524289177125696,10,10,10,-10
1651820649.999715,0.3459035135805606,-1.727498584985733,0.5738249674439431,0.4997556105256081,-0.081641547428444,-0.1311033424688503,-0.8277453660964966,0.117647261545062,-2.483999192714691,0.0425434831529855,0.0068393915891646,0.0041204815148375,0.7097063422203064,-0.7044509887695313,0.6038637161254883,-1.7499584972858429,0.6748619198799133,-0.3497773453593253,-0.1051617003977298,0.9284564226865768,-0.0088123703026212,-0.5992540717124961,-0.10787427425384966,0.7763424515724093,0.9866356488710809,0.2779503184295662,0.25864296906950024,0.535036778337797,10,10,10,-10
1651820650.009715,0.3235411003232001,-1.7302070140838623,0.5893812209367753,0.4792491391301155,-0.1029759541619568,-0.1445943098515272,-0.8336258172988892,0.1176497023552655,-2.4840009570121766,0.0425137691199778,0.0067840176401659,0.0041324621648527,0.7097063571214676,-0.7044513016939163,0.598423820734024,-1.7509946644306182,0.6815740823745727,-0.3418537706136703,-0.1017541069537401,0.932436341047287,-0.0067675522179342,-0.5439895391464278,-0.10361671447753906,0.6712162494659446,0.8701679698581142,0.290675351702691,0.2834541742726042,0.5251460557166046,10,10,10,-10
1651820650.019715,0.3022482238709926,-1.7328124701976777,0.6038697123527527,0.4595468863844871,-0.1235285729635506,-0.1573300967924296,-0.8387381553649902,0.1176521431654691,-2.484002721309662,0.0424840550869702,0.0067286436911671,0.0041444428148678,0.7097063720226288,-0.7044516146183014,0.5931143194437027,-1.7520357429981233,0.6880505710840226,-0.3341516062617301,-0.0981879871338605,0.9363436311483384,-0.0046530844294465,-0.5309501290321261,-0.1041078567505016,0.6476488709449835,0.8439167881922519,0.303412321351008,0.3080856019292213,0.5266850398481548,10,10,10,-10
1651820650.029715,0.280955347418785,-1.7354179263114928,0.6183582037687302,0.4398446336388588,-0.1440811917651444,-0.1700658837333321,-0.8438504934310913,0.1177052993327378,-2.4840039134025576,0.0423535648733376,0.0065240730764343,0.0041316083748824,0.7096616625785828,-0.7044986635446548,0.591626450419426,-1.752589374780655,0.6897660702466964,-0.3318922147154807,-0.0936807479709386,0.937679761648178,-0.0028371804044581,-0.14878690242767778,-0.055363178253164946,0.17154991626738836,0.23373488745085313,0.31923420286225446,0.3342181839046221,0.533691053408831,10,10,10,-10
1651820650.039715,0.2596624709665774,-1.7380233824253082,0.6328466951847076,0.4201423808932304,-0.1646338105667382,-0.1828016706742345,-0.8489628314971924,0.1177584555000066,-2.484005105495453,0.0422230746597051,0.0063195024617015,0.0041187739348969,0.7096169531345368,-0.7045457124710083,0.5901385813951492,-1.7531430065631866,0.6914815694093704,-0.3296328231692313,-0.0891735088080167,0.9390158921480178,-0.0010212763794697,-0.14878690242767778,-0.055363178253164946,0.17154991626739946,0.23373488745086127,0.3359778431286955,0.35996226333130177,0.542168198841541,10,10,10,-10
1651820650.049715,0.2337702149059623,-1.7411493182182312,0.6482668042182922,0.3958345331251621,-0.1910642818082123,-0.1958242766559123,-0.8522754520177841,0.1178116116672753,-2.484006297588349,0.0420925844460725,0.0061149318469687,0.0041059394949115,0.7095722436904908,-0.7045927613973617,0.5886507123708725,-1.7536966383457184,0.6931970685720443,-0.327373431622982,-0.0846662696450948,0.9403520226478576,0.0007946276455186,-0.14878690242766668,-0.05536317825318715,0.17154991626738836,0.23373488745085133,0.3579334175209432,0.3899765038688461,0.5394585887404719,10,10,10,-10
1651820650.059715,0.2129245082847773,-1.7437689840793609,0.6588695853948593,0.3751611858606338,-0.2138233112171292,-0.204664559662342,-0.8529324024915695,0.1178964775055646,-2.484017372131348,0.0419291900470852,0.0056183695269282,0.0043495415360666,0.7095061331987381,-0.7046595245599747,0.5879503399133682,-1.754346400499344,0.6937415510416031,-0.3261596485972404,-0.0801607716828584,0.9412923753261566,0.0027863710536621,-0.07003724575043169,-0.06497621536256659,0.0544482469558738,0.10996242972814313,0.3767921311743461,0.4203392578322447,0.5151432758049495,10,10,10,-10
1651820650.069715,0.1920788016635924,-1.7463886499404908,0.6694723665714264,0.3544878385961055,-0.236582340626046,-0.2135048426687717,-0.8535893529653549,0.1179813433438539,-2.4840284466743467,0.0417657956480979,0.0051218072068877,0.0045931435772217,0.7094400227069855,-0.7047262877225876,0.5889729022979736,-1.754573827981949,0.6916659951210022,-0.32771275639534,-0.0764254059642553,0.9410484969615937,0.0044647837872616,0.10225623846054077,-0.022742748260484724,-0.20755559206008245,0.23249278418469274,0.3975983921070875,0.4464484526107473,0.4687344800068607,10,10,10,-10
1651820650.079715,0.1712330950424075,-1.7490083158016203,0.6800751477479935,0.3338144913315772,-0.2593413700349628,-0.2223451256752013,-0.8542463034391403,0.1180471301078796,-2.484037530422211,0.0416424235329031,0.0046725029184016,0.004852296586614,0.7093887031078339,-0.7047774881124497,0.589995464682579,-1.7548012554645538,0.6895904392004013,-0.3292658641934395,-0.0726900402456521,0.9408046185970308,0.0061431965208612,0.10225623846054077,-0.022742748260484724,-0.20755559206009355,0.23249278418470268,0.4189105168744446,0.4698049137056506,0.407415153487094,10,10,10,-10
1651820650.089715,0.1450643269345164,-1.7520750224590302,0.690745496749878,0.3079946836456656,-0.2892097479198127,-0.2300222195684909,-0.8511590272188186,0.1181129168719052,-2.4840466141700746,0.0415190514177083,0.0042231986299156,0.0051114495960063,0.7093373835086823,-0.7048286885023117,0.5910180270671844,-1.7550286829471589,0.6875148832798004,-0.330818971991539,-0.068954674527049,0.9405607402324676,0.0078216092544607,0.10225623846054077,-0.02274274826050693,-0.20755559206009355,0.23249278418470484,0.44597518275761683,0.48858618802957876,0.3326726446393291,10,10,10,-10
1651820650.099715,0.1188955588266253,-1.7551417291164395,0.7014158457517624,0.2821748759597539,-0.3190781258046626,-0.2376993134617805,-0.848071750998497,0.1181379750370978,-2.484043550491333,0.0414525713771581,0.0040954417316242,0.0051184783573262,0.7093133896589279,-0.7048539817333221,0.5929964512586594,-1.7554414510726928,0.6842140436172486,-0.333589294552803,-0.0651376843452453,0.939830470085144,0.009500393026974,0.19784241914749812,-0.04127681255339244,-0.3300839662551791,0.3870411126062094,0.474412950955997,0.5025462744929641,0.2568938824077369,10,10,10,-10
1651820650.109715,0.0986000327393412,-1.757472437620163,0.707470253109932,0.2619295494630932,-0.34370204731822,-0.2412522323429584,-0.8426045298576355,0.1181655935943126,-2.4840399026870728,0.0413985649123787,0.0039950906299054,0.0051173968822694,0.7092874765396118,-0.7048810452222825,0.5949748754501343,-1.755854219198227,0.6809132039546967,-0.3363596171140671,-0.0613206941634416,0.9391001999378203,0.0111791767994873,0.19784241914748701,-0.041276812553414644,-0.3300839662551902,0.38704111260621554,0.49708739670892804,0.5122933127156819,0.19027010541856582,10,10,10,10
1651820650.119715,0.0783045066520571,-1.759803146123886,0.7135246604681015,0.2416842229664325,-0.3683259688317775,-0.2448051512241363,-0.8371373087167739,0.1181744426488875,-2.484038209915161,0.0414161954075097,0.0040049885399639,0.0051351471571251,0.709281039237976,-0.7048873484134675,0.5976147681474686,-1.756028562784195,0.6766543865203858,-0.3401367470622062,-0.059241971373558,0.937830737233162,0.012400498939678,0.2639892697334334,-0.017434358596801758,-0.4258817434310891,0.5013676802327582,0.520631167214181,0.5207158558920093,0.12890579981819794,10,10,10,10
1651820650.129715,0.0545845648273825,-1.7623130619525909,0.71898093521595,0.2179099905770271,-0.3976651512086391,-0.2461160041391849,-0.8281749188899994,0.1181832917034625,-2.4840365171432497,0.0414338259026407,0.0040148864500224,0.0051528974319807,0.7092746019363403,-0.7048936516046524,0.6002546608448028,-1.756202906370163,0.6723955690860748,-0.3439138770103455,-0.0571632485836744,0.9365612745285036,0.0136218210798687,0.2639892697334223,-0.017434358596801758,-0.4258817434311002,0.5013676802327618,0.547689130827294,0.5236863295561625,0.07603461897098507,10,10,10,10
1651820650.139715,0.0292486241087317,-1.7648735225200654,0.7239237189292907,0.1925127565395086,-0.4288353405892849,-0.2461087353527545,-0.8175330758094788,0.1181921407580375,-2.4840348243713377,0.0414514563977718,0.0040247843600809,0.0051706477068364,0.7092681646347045,-0.7048999547958374,0.6028945535421372,-1.756377249956131,0.6681367516517639,-0.3476910069584846,-0.0550845257937907,0.9352918118238448,0.0148431432200595,0.2639892697334334,-0.017434358596801758,-0.4258817434310891,0.5013676802327582,0.576414802656056,0.5253771964221046,0.033025657121746654,10,10,10,10
1651820650.149715,0.0058151772245764,-1.7671731889247897,0.7276325315237046,0.1690605114679783,-0.4580619290471077,-0.2449668407440185,-0.8064475327730178,0.1181862667202949,-2.484034979343414,0.0414349259808659,0.0039393439306877,0.0052264019963331,0.7092739522457123,-0.704894345998764,0.6066709160804749,-1.7568061292171475,0.6625859320163727,-0.3528015851974487,-0.0530528450384735,0.9334396302700044,0.0160473579890094,0.37763625383376853,-0.042887926101653484,-0.5550819635391169,0.6727291436093317,0.604455254713297,0.5278765523872302,-0.005367533800723745,10,10,10,10
1651820650.159715,-0.0138179907575249,-1.7689596593379977,0.7292940258979798,0.1495780489873141,-0.4830892972648143,-0.2419913485646248,-0.7950224906206131,0.1181803926825522,-2.4840351343154907,0.04141839556396,0.0038539035012945,0.0052821562858298,0.70927973985672,-0.7048887372016907,0.6104472786188125,-1.7572350084781647,0.6570351123809814,-0.3579121634364128,-0.0510211642831563,0.9315874487161636,0.0172515727579593,0.37763625383376853,-0.0428879261017201,-0.555081963539128,0.6727291436093451,0.6285427149923489,0.525196410396576,-0.037053494155689926,10,10,10,10
1651820650.169715,-0.0334511587396264,-1.7707461297512057,0.730955520272255,0.1300955865066498,-0.5081166654825211,-0.239015856385231,-0.7835974484682083,0.1181765269488095,-2.484034526348114,0.0413940910249948,0.0037510226597077,0.0053414203342981,0.709283858537674,-0.7048849284648895,0.6140101462602615,-1.7577333509922028,0.6520598739385605,-0.362683667242527,-0.0499735141173004,0.9297679454088212,0.0179499402409418,0.35628676414489746,-0.049834251403813035,-0.49752384424209817,0.6139655417914395,0.6523802548311836,0.5217260908953083,-0.05855012847396601,10,10,10,10
1651820650.179715,-0.0569061318412423,-1.7727176606655122,0.7308864921331406,0.1076945479493588,-0.5366484679281711,-0.2318480428308248,-0.7682911813259125,0.1181726612150668,-2.4840339183807374,0.0413697864860295,0.003648141818121,0.0054006843827664,0.7092879772186279,-0.7048811197280884,0.6175730139017105,-1.7582316935062408,0.6470846354961395,-0.3674551710486412,-0.0489258639514445,0.9279484421014784,0.0186483077239244,0.35628676414489746,-0.04983425140379083,-0.49752384424209817,0.6139655417914377,0.6798196175916751,0.5174683760994498,-0.07523128545854663,10,10,10,10
1651820650.189715,-0.0803611049428582,-1.7746891915798186,0.7308174639940261,0.0852935093920677,-0.5651802703738212,-0.2246802292764186,-0.7529849141836167,0.1181687954813241,-2.4840333104133605,0.0413454819470643,0.0035452609765342,0.0054599484312347,0.7092920958995819,-0.7048773109912873,0.6226733028888702,-1.759283435344696,0.6406811803579331,-0.3742916852235794,-0.0456369284307583,0.9251746535301208,0.0200537367025389,0.5100288987159751,-0.10517418384552446,-0.6403455138206393,0.8253686834034965,0.7089564623784815,0.5123142833939003,-0.08724625242381512,10,10,10,10
1651820650.199715,-0.0991457657888531,-1.7760715246200562,0.7289745032787323,0.0674709703307598,-0.5882181733846664,-0.2160513501614332,-0.73838512301445,0.1181949369609355,-2.4840410709381104,0.0412562124431132,0.0033495688694528,0.0055174372624605,0.7092668056488037,-0.7049034863710404,0.62777359187603,-1.7603351771831512,0.6342777252197266,-0.3811281993985176,-0.0423479929100721,0.9224008649587632,0.0214591656811534,0.5100288987159751,-0.10517418384552446,-0.6403455138206504,0.825368683403505,0.7332304310060636,0.5090936897131582,-0.09599694578154505,10,10,10,10
1651820650.209715,-0.1179304266348481,-1.7774538576602936,0.7271315425634384,0.0496484312694519,-0.6112560763955116,-0.2074224710464477,-0.7237853318452835,0.1182037625461816,-2.4840484380722048,0.0411935480311512,0.0032183807459659,0.0055498680565505,0.7092536270618439,-0.704917135834694,0.632321235537529,-1.7614294946193696,0.6289255321025848,-0.3870108917355537,-0.0399153399514034,0.9199090629816056,0.022394979931414,0.4547643661498957,-0.10943174362183505,-0.5352193117141746,0.7108063356946294,0.7568214831080835,0.504710011081599,-0.11441955781981061,10,10,10,10
1651820650.2197149,-0.136715087480843,-1.778836190700531,0.7252885818481445,0.031825892208144,-0.6342939794063568,-0.1987935919314623,-0.7091855406761169,0.1182125881314277,-2.4840558052062987,0.0411308836191892,0.003087192622479,0.0055822988506406,0.709240448474884,-0.7049307852983475,0.6367384850978851,-1.7625189006328583,0.6238090127706528,-0.3926721736788749,-0.0376412133686244,0.9174898892641068,0.0232611444778739,0.44172495603561623,-0.10894060134887251,-0.5116519331932023,0.6846726897921825,0.7802530267997068,0.4988269804540151,-0.1437923736728326,10,10,10,10
1651820650.2297149,-0.157565071620047,-1.780408215522766,0.7224737226963043,0.011763710854575,-0.654895831644535,-0.1901403900235891,-0.697303307056427,0.1182214137166738,-2.484063172340393,0.0410682192072271,0.002956004498992,0.0056147296447306,0.7092272698879242,-0.7049444347620011,0.6426291942596436,-1.764192259311676,0.6175469934940339,-0.4001031085848808,-0.0353842079290188,0.914130774140358,0.023966721817851,0.589070916175849,-0.16733586788175714,-0.6262019276618958,0.875862255820782,0.8072071846085511,0.49239049610597707,-0.18585049536455545,10,10,10,10
1651820650.2397149,-0.1784150557592511,-1.7819802403450011,0.7196588635444641,-0.0082984704989939,-0.6754976838827134,-0.1814871881157159,-0.6854210734367371,0.1182302393019198,-2.484070539474487,0.0410055547952651,0.0028248163755051,0.0056471604388206,0.7092140913009644,-0.7049580842256546,0.6488441586494446,-1.7660086512565614,0.6110504627227783,-0.4077874183654785,-0.0346678048023022,0.9106186419725418,0.0239116729237138,0.6214964389800959,-0.1816391944885476,-0.649653077125556,0.9172239319043589,0.8345110449905059,0.4847807273620983,-0.23997508787049826,10,10,10,10
1651820650.2497149,-0.1946656602900474,-1.7830317854881286,0.7159123867750168,-0.023755056830123,-0.6902216836810112,-0.1725471671670675,-0.6753385573625564,0.118276710063219,-2.484071946144104,0.0409842429682612,0.002676911180606,0.005760535551235,0.7091735512018204,-0.7049986034631729,0.6550591230392456,-1.7678250432014466,0.6045539319515228,-0.4154717281460762,-0.0339514016755856,0.9071065098047256,0.0238566240295767,0.621496438980107,-0.1816391944885254,-0.6496530771255449,0.9172239319043541,0.8571255204902394,0.4701846783599155,-0.2955108585210775,10,10,10,10
1651820650.2597148,-0.2109162648208438,-1.784083330631256,0.7121659100055695,-0.0392116431612521,-0.7049456834793091,-0.163607146218419,-0.6652560412883759,0.1182914711534976,-2.4840634703636164,0.0409958353266119,0.0028209976910147,0.0056174741825088,0.709154412150383,-0.7050194084644318,0.6604865908622741,-1.769545304775238,0.5992284178733825,-0.422110429406166,-0.0332332573481835,0.9039901554584504,0.0236257357522844,0.5427467823028498,-0.17202615737914595,-0.5325514078140303,0.7796012252988301,0.8788112244490229,0.45243808478728376,-0.3427450535644514,10,10,10,10
1651820650.2697148,-0.2277918315026908,-1.7852010130882263,0.7090742200613022,-0.055647673876956,-0.7123811647295952,-0.1604477513581514,-0.6609973758459091,0.1183062322437762,-2.4840549945831296,0.0410074276849627,0.0029650842014234,0.0054744128137826,0.7091352730989456,-0.7050402134656906,0.6659140586853027,-1.7712655663490295,0.5939029037952424,-0.428749130666256,-0.0325151130207813,0.900873801112175,0.0233948474749922,0.5427467823028609,-0.17202615737914595,-0.5325514078140192,0.7796012252988304,0.9012041094685441,0.43169097876881946,-0.3783217124319176,10,10,10,10
1651820650.2797148,-0.2446673981845378,-1.7863186955451966,0.7059825301170349,-0.07208370459266,-0.7198166459798813,-0.1572883564978837,-0.6567387104034423,0.1183209933340549,-2.4840465188026424,0.0410190200433134,0.003109170711832,0.0053313514450564,0.7091161340475083,-0.7050610184669495,0.6727929949760437,-1.7736493170261385,0.5876096695661545,-0.4371904417872428,-0.0314225232810712,0.8966960221529007,0.0231089786160736,0.6878936290740989,-0.23837506771089423,-0.6293234229087896,0.962324419542881,0.9251519984766969,0.4107323475682323,-0.40047525101859005,10,10,10,10
1651820650.2897148,-0.2562199033796787,-1.786989337205887,0.7028232723474502,-0.0833732748869806,-0.7201427787542343,-0.1552921507507562,-0.6562242716550827,0.1183112438768148,-2.484036028385162,0.041092519648373,0.0033989652409217,0.0051362878177314,0.709119713306427,-0.7050588130950928,0.6796719312667847,-1.776033067703247,0.5813164353370667,-0.4456317529082298,-0.0303299335413611,0.8925182431936264,0.0228231097571551,0.6878936290740989,-0.23837506771084982,-0.6293234229087785,0.9623244195428626,0.9438100854724989,0.3903359453582764,-0.40827134139568244,10,10,10,10
1651820650.2997148,-0.2677724085748195,-1.7876599788665772,0.6996640145778656,-0.0946628451813011,-0.7204689115285874,-0.1532959450036287,-0.655709832906723,0.1183422230184077,-2.484037685394287,0.0411091271787881,0.0033672123798168,0.0051933484384789,0.7090959668159484,-0.7050825148820877,0.6855950057506561,-1.7782314777374268,0.5762484848499299,-0.4528558492660522,-0.0293189682648516,0.8888268560171128,0.0225368698593228,0.5923074483871416,-0.2198410034179865,-0.5067950487136819,0.8099378998413499,0.961368668258547,0.3706785570222264,-0.4115117069822496,10,10,10,10
1651820650.3097148,-0.2793194629251956,-1.7883754312992095,0.697204726934433,-0.099240911239758,-0.7125920370221138,-0.1571451786905527,-0.6596391916275024,0.1183706417679786,-2.48403992652893,0.0411132611334323,0.0033080537221393,0.0052585192956029,0.7090741395950317,-0.7051044464111328,0.6915180802345275,-1.7804298877716065,0.5711805343627929,-0.4600799456238746,-0.0283080029883421,0.885135468840599,0.0222506299614905,0.5923074483871416,-0.2198410034179643,-0.506795048713693,0.8099378998413509,0.9790152010993958,0.34972542423462194,-0.41446083290553304,10,10,10,10
1651820650.3197148,-0.2908665172755718,-1.789090883731842,0.6947454392910004,-0.1038189772982149,-0.7047151625156403,-0.1609944123774766,-0.6635685503482819,0.1183990605175494,-2.4840421676635738,0.0411173950880765,0.0032488950644619,0.005323690152727,0.709052312374115,-0.705126377940178,0.6988763570785522,-1.7833430230617524,0.5652855455875396,-0.4688744902610778,-0.0294698588200844,0.8802979826927185,0.0205002701375632,0.735827684402468,-0.29131352901459184,-0.5894988775253296,0.9868205915583932,0.9981902921361024,0.3278792916444022,-0.41846882059851875,10,10,10,10
1651820650.3297148,-0.2989891558885574,-1.7896271288394927,0.6928842842578888,-0.1048681374639272,-0.6921230271458626,-0.1670857120305299,-0.6709930777549744,0.1184533018618821,-2.4840430259704585,0.0411101356148719,0.0032805535593069,0.0052831888315267,0.7090083658695221,-0.7051704972982407,0.7062346339225769,-1.786256158351898,0.5593905568122863,-0.4776690348982811,-0.0306317146518267,0.8754604965448379,0.018749910313636,0.735827684402468,-0.29131352901456964,-0.5894988775253296,0.9868205915583866,1.0140546367487349,0.308491475187318,-0.42507319159144785,10,10,10,10
1651820650.3397148,-0.3054957956075668,-1.790112829208374,0.691536620259285,-0.1042942959815263,-0.6776998847723007,-0.1744951333850622,-0.6800970584154129,0.1185075432062148,-2.484043884277344,0.0411028761416673,0.0033122120541519,0.0052426875103264,0.7089644193649292,-0.7052146166563034,0.7135929107666016,-1.789169293642044,0.553495568037033,-0.4864635795354843,-0.031793570483569,0.8706230103969574,0.0169995504897087,0.735827684402468,-0.29131352901459184,-0.5894988775253296,0.9868205915583932,1.0283958449047563,0.2875894584340202,-0.434204635368328,10,10,10,10
1651820650.3497148,-0.3110949590802193,-1.7905621826648712,0.690711498260498,-0.1045089542865752,-0.6632835566997528,-0.1804828394204378,-0.6896844625473022,0.1185765076428651,-2.48404289484024,0.0411297775804996,0.0034392088884487,0.0051641821744851,0.7089082479476929,-0.7052706480026245,0.7198147177696228,-1.7918278932571412,0.5488925814628601,-0.4939246758818626,-0.0329083842807448,0.866368243098259,0.0152662980370223,0.6221807003021218,-0.2658599615097179,-0.4602986574172907,0.81833073813865,1.0406195121213153,0.26501677054628114,-0.44030588048310726,10,10,10,10
1651820650.3597147,-0.3166941225528717,-1.7910115361213683,0.6898863762617111,-0.1047236125916242,-0.6488672286272049,-0.1864705454558133,-0.6992718666791916,0.1186454720795154,-2.484041905403137,0.0411566790193318,0.0035662057227454,0.0050856768386437,0.7088520765304566,-0.7053266793489457,0.7272686779499054,-1.795268076658249,0.5437123477458954,-0.5030012995004653,-0.0345659691491163,0.8608994811773301,0.0128878492861985,0.7453960180282548,-0.34401834011077437,-0.5180233716964744,0.9707275908558148,1.0541552511767351,0.24190574941721898,-0.44183437490980015,10,10,10,10
1651820650.3697147,-0.3222932860255241,-1.7914608895778656,0.6890612542629242,-0.1049382708966731,-0.634450900554657,-0.1924582514911889,-0.7088592708110809,0.1186983659863471,-2.484040057659149,0.0411590613424777,0.003403900109697,0.0052739850012585,0.7088065922260285,-0.7053710997104645,0.734722638130188,-1.7987082600593567,0.5385321140289306,-0.5120779231190682,-0.0362235540174878,0.855430719256401,0.0105094005353748,0.7453960180282659,-0.34401834011077437,-0.5180233716964744,0.9707275908558235,1.0677051139510552,0.21903404827055883,-0.4374691398407755,10,10,10,10
1651820650.3797147,-0.3240706443786621,-1.791725182533264,0.6899666547775268,-0.1022343531250953,-0.6165301382541657,-0.2026382789015769,-0.7223278999328613,0.1187512598931788,-2.4840382099151608,0.0411614436656236,0.0032415944966487,0.0054622931638732,0.7087611079216003,-0.7054155200719834,0.7421765983104706,-1.8021484434604644,0.5333518803119659,-0.5211545467376709,-0.0378811388858593,0.8499619573354721,0.0081309517845511,0.7453960180282548,-0.34401834011077437,-0.5180233716964744,0.9707275908558148,1.0777383794276945,0.19661354448618162,-0.424088634228057,10,10,10,10
1651820650.3897147,-0.3248850047588348,-1.792021918296814,0.6906406909227372,-0.1034406170248984,-0.6009165540337562,-0.2102390591055154,-0.7348983943462372,0.1188041538000106,-2.4840363621711727,0.0411638259887694,0.0030792888836003,0.0056506013264879,0.7087156236171722,-0.7054599404335022,0.7480931371450424,-1.805035227537155,0.5295998632907868,-0.5281661599874496,-0.0417800091090611,0.8454474806785583,0.0050454415380954,0.5916538834571883,-0.28867840766906294,-0.37520170211791104,0.7577373279286796,1.085074000879786,0.17582642684329564,-0.40467156063484744,10,10,10,10
1651820650.4097147,-0.3255020588636398,-1.792320764064789,0.6912042915821075,-0.1056392423808574,-0.5858546122908592,-0.2172293603420257,-0.7471401959657669,0.1188270404934882,-2.4840261459350583,0.0412311732769012,0.0030097945360466,0.0058406847063451,0.7086995482444763,-0.7054743766784668,0.7544179826974868,-1.808196371793747,0.5256702974438666,-0.5357779860496521,-0.0456888374057598,0.8404794067144394,0.0019494024105369,0.6324845552444391,-0.31611442565919745,-0.3929565846920169,0.8089375255144333,1.092648541069592,0.1556686013021853,-0.3819785427170741,10,10,10,10
1651820650.4197147,-0.3261191129684448,-1.7926196098327636,0.6917678922414779,-0.1078378677368163,-0.5707926705479622,-0.2242196615785359,-0.7593819975852967,0.1188499271869659,-2.484015929698944,0.0412985205650329,0.0029403001884929,0.0060307680862024,0.7086834728717804,-0.7054888129234314,0.7612635880708695,-1.811769109964371,0.5215057015419006,-0.5441777795553208,-0.049687391181942,0.834886834025383,-0.0011314380913972,0.6845605373382635,-0.3572738170623868,-0.41645959019660506,0.8773290716178873,1.1007983718450278,0.13742574111240025,-0.35801781677582944,10,10,10,10
1651820650.429715,-0.3267361670732498,-1.7929184556007385,0.6923314929008484,-0.1100364930927753,-0.5557307288050651,-0.2312099628150462,-0.7716237992048264,0.1188575405627488,-2.4840043067932127,0.0413913311436771,0.0031583738862536,0.0059590708697214,0.7086842715740204,-0.7054871618747711,0.768109193444252,-1.8153418481349943,0.5173411056399344,-0.5525775730609894,-0.0536859449581242,0.8292942613363266,-0.0042122785933315,0.6845605373382524,-0.3572738170623424,-0.41645959019661616,0.8773290716178659,1.1089683528456384,0.12053662318214098,-0.3347610865807873,10,10,10,10
1651820650.439715,-0.3252878978848457,-1.7930276095867157,0.6938669919967652,-0.1099954761564731,-0.5431048378348351,-0.2382245868444442,-0.7811480432748794,0.1188651539385318,-2.483992683887481,0.0414841417223214,0.0033764475840143,0.0058873736532404,0.7086850702762604,-0.7054855108261109,0.7734813392162323,-1.8183306336402891,0.5143220096826553,-0.5592077136039734,-0.057667377591133,0.8246416300535202,-0.0071325318887829,0.5372145771980308,-0.29887855052948,-0.30190959572791165,0.6848921768521327,1.1136294177598376,0.10426758648866663,-0.3120683904669219,10,10,10,10
1651820650.449715,-0.3229557529091835,-1.7931816458702088,0.6946049451828002,-0.1153102539479732,-0.5329590603709221,-0.2426095344126224,-0.7883218079805374,0.1188727673143148,-2.4839810609817503,0.0415769523009657,0.003594521281775,0.0058156764367594,0.7086858689785004,-0.7054838597774505,0.77852922976017,-1.8211763858795167,0.5115374252200126,-0.5655844792723655,-0.0601082079112529,0.8201420158147812,-0.0092921589501202,0.5047890543937728,-0.28457522392275614,-0.27845844626427363,0.6429106888226074,1.1169452042869519,0.08917127551697313,-0.2912140796019358,10,10,10,10
1651820650.459715,-0.3206236079335213,-1.793335682153702,0.6953428983688354,-0.1206250317394733,-0.5228132829070091,-0.2469944819808006,-0.7954955726861954,0.1188427355140447,-2.4839753985404966,0.0416284102946519,0.0038293120509478,0.0056630349019541,0.7087140291929245,-0.7054553389549255,0.784278678894043,-1.8249109506607053,0.5084088072180747,-0.5732886731624603,-0.0628739327192305,0.8145039111375809,-0.0115809180773794,0.5749449133872986,-0.37345647811886096,-0.3128618001937866,0.7536006240040997,1.1210488015481002,0.07514931893861121,-0.2743155312647154,10,10,10,10
1651820650.4697146,-0.318291462957859,-1.7934897184371947,0.6960808515548706,-0.1259398095309734,-0.5126675054430961,-0.2513794295489787,-0.8026693373918533,0.1188214655965566,-2.483962798118591,0.0417886147275566,0.0042594887083395,0.0054772909963503,0.7087383717298508,-0.7054285138845444,0.790028128027916,-1.8286455154418944,0.5052801892161368,-0.580992867052555,-0.0656396575272082,0.8088658064603805,-0.0138696772046387,0.5749449133872986,-0.37345647811890537,-0.3128618001937866,0.7536006240041216,1.1251724928093518,0.06218504621902454,-0.2607531007901276,10,10,10,10
1651820650.4797146,-0.3153343558311462,-1.7935776174068452,0.6961640179157257,-0.1302751429378986,-0.509810246527195,-0.2499837510287761,-0.8040192514657974,0.1188001956790685,-2.483950197696686,0.0419488191604613,0.0046896653657312,0.0052915470907464,0.7087627142667771,-0.7054016888141632,0.795777577161789,-1.8323800802230836,0.502151571214199,-0.5886970609426498,-0.0684053823351859,0.8032277017831803,-0.0161584363318979,0.5749449133872986,-0.37345647811892757,-0.3128618001937866,0.7536006240041326,1.1285903544843074,0.05088336129849136,-0.2505504332876063,10,10,10,10
1651820650.4897146,-0.3123772487044334,-1.7936655163764954,0.6962471842765808,-0.1346104763448238,-0.5069529876112938,-0.2485880725085735,-0.8053691655397415,0.1187789257615804,-2.4839375972747804,0.042109023593366,0.005119842023123,0.0051058031851425,0.7087870568037034,-0.705374863743782,0.8000755578279495,-1.8354511559009552,0.4999906733632087,-0.5945986449718476,-0.0715455525554716,0.7986510217189788,-0.0183922148775309,0.42979806661604947,-0.3071075677871571,-0.21608978509902732,0.5707330649990249,1.1304043101953096,0.038466746027330245,-0.24266560014010885,10,10,10,10
1651820650.4997146,-0.3086477369070053,-1.7937474310398105,0.6954954981803894,-0.1459979839622974,-0.5069961741566658,-0.2448519319295883,-0.8016569554805756,0.118782166391611,-2.483927011489868,0.0422073207795619,0.0054043106618336,0.0049720615381374,0.7087886810302735,-0.7053710490465164,0.8043735384941101,-1.838522231578827,0.4978297755122184,-0.6005002290010453,-0.0746857227757572,0.7940743416547775,-0.0206259934231638,0.42979806661606057,-0.3071075677871793,-0.21608978509902732,0.5707330649990453,1.1313235081870987,0.025550541490619416,-0.23282016900289015,10,10,10,10
1651820650.5097146,-0.3049182251095771,-1.793829345703125,0.694743812084198,-0.157385491579771,-0.5070393607020378,-0.2411157913506031,-0.7979447454214096,0.1187854070216416,-2.483916425704956,0.0423056179657578,0.0056887793005443,0.0048383198911323,0.7087903052568436,-0.7053672343492507,0.8088010549545288,-1.8425594568252563,0.4954517275094985,-0.6070535808801651,-0.0791142216883599,0.7887197285890579,-0.0235561321023851,0.44275164604187234,-0.40372252464293545,-0.23780480027199014,0.6446487570834634,1.1324586497928366,0.013471054519823333,-0.21952121400598035,10,10,10,10
1651820650.5197146,-0.3011941641569137,-1.7938664495944976,0.6932921558618546,-0.1754845034331082,-0.5152855545282364,-0.2315342113375663,-0.7897887378931046,0.1187493599951266,-2.48391706943512,0.0422868482768535,0.005808747850824,0.0046949233044869,0.7088166445493698,-0.7053405910730361,0.8132285714149475,-1.8465966820716857,0.4930736795067786,-0.613606932759285,-0.0835427206009625,0.7833651155233383,-0.0264862707816063,0.44275164604187234,-0.40372252464293545,-0.23780480027199014,0.6446487570834634,1.1334928095274874,0.0027344518378962235,-0.20252433670397618,10,10,10,10
1651820650.5297146,-0.2974701032042503,-1.7939035534858705,0.6918404996395111,-0.1935835152864455,-0.523531748354435,-0.2219526313245296,-0.7816327303647995,0.1187133129686116,-2.483917713165283,0.0422680785879492,0.0059287164011038,0.0045515267178415,0.708842983841896,-0.7053139477968215,0.816220885515213,-1.849919182062149,0.4915226697921752,-0.6185898363590241,-0.0857983984053134,0.7791566014289856,-0.0279522895347326,0.29923141002654585,-0.3322499990463301,-0.1551009714603424,0.4732713914454402,1.1329486316486188,-0.007032646015347588,-0.1810228879046587,10,10,10,10
1651820650.5397146,-0.2932740539312363,-1.7941235601902008,0.6899684786796569,-0.2172003272920846,-0.5345389872789383,-0.2087327303364873,-0.7669776231050491,0.1186514433473348,-2.4839197397232056,0.0422607023268937,0.005957867798861,0.0045138023095205,0.7088914424180984,-0.7052651166915893,0.8192131996154786,-1.8532416820526123,0.4899716600775717,-0.6235727399587632,-0.0880540762096643,0.7749480873346328,-0.0294183082878589,0.29923141002655695,-0.3322499990463301,-0.15510097146034796,0.47327139144544905,1.131866409558746,-0.015308556861804767,-0.15794922058667638,10,10,10,10
1651820650.5497146,-0.2889582186937332,-1.7944437086582183,0.6880061686038971,-0.2415881134569644,-0.5460096761584282,-0.1948050873354077,-0.7510423004627228,0.1185895737260579,-2.483921766281128,0.0422533260658382,0.0059870191966182,0.0044760779011994,0.7089399009943008,-0.7052162855863571,0.822205513715744,-1.856564182043076,0.4884206503629683,-0.6285556435585022,-0.0903097540140151,0.7707395732402802,-0.0308843270409851,0.29923141002654585,-0.33224999904637453,-0.1551009714603424,0.4732713914454714,1.1306538694610386,-0.022828767931258653,-0.13543688956668287,10,10,10,10
1651820650.5597146,-0.2855498597025871,-1.79480020403862,0.6855213165283203,-0.2651873998343944,-0.5574735507369042,-0.1822991596534847,-0.7346235543489457,0.1185277041047811,-2.4839237928390503,0.0422459498047828,0.0060161705943755,0.0044383534928783,0.7089883595705032,-0.7051674544811248,0.8249326348304749,-1.8606148302555083,0.4867933407425879,-0.6334456264972687,-0.094311000406742,0.7662057250738143,-0.0336297458969056,0.2727121114730835,-0.4050648212432284,-0.16273096203803794,0.5147142616624698,1.1300423638290449,-0.02898266255930082,-0.11526746033549884,10,10,10,10
1651820650.5697143,-0.282141500711441,-1.7951566994190216,0.6830364644527436,-0.2887866862118243,-0.56893742531538,-0.1697932319715618,-0.7182048082351684,0.1185114495456218,-2.483922874927521,0.0422325709834694,0.0059414269984699,0.0044905153219587,0.7090016603469849,-0.705154401063919,0.8264276027679444,-1.8638838946819305,0.4857432782649993,-0.6367200821638107,-0.0977694757282733,0.7628858715295792,-0.0357299684546887,0.14949679374695046,-0.32690644264221635,-0.1050062477588598,0.37449088860745594,1.1280839888385557,-0.03368010667662524,-0.09876911810898914,10,10,10,10
1651820650.5797143,-0.2787331417202949,-1.7955131947994232,0.6805516123771668,-0.3123859725892543,-0.580401299893856,-0.1572873042896389,-0.7017860621213913,0.118511265516281,-2.483922815322876,0.0422437112778424,0.0061559858499094,0.0042758636525831,0.7090042740106582,-0.7051529586315155,0.8279225707054139,-1.8671529591083529,0.4846932157874106,-0.6399945378303528,-0.1012279510498046,0.759566017985344,-0.0378301910124718,0.14949679374695046,-0.32690644264223856,-0.10500624775887091,0.3744908886074784,1.1261348201655974,-0.03773428158650027,-0.0879513230516622,10,10,10,10
1651820650.5897143,-0.274874260276556,-1.796320807933807,0.677801963686943,-0.3378146685659885,-0.5933226600289345,-0.1420780266169458,-0.6812268048524857,0.1185110814869403,-2.4839227557182317,0.0422548515722154,0.0063705447013489,0.0040612119832075,0.7090068876743316,-0.705151516199112,0.8294175386428833,-1.8704220235347748,0.483643153309822,-0.6432689934968948,-0.1046864263713359,0.7562461644411087,-0.0399304135702549,0.14949679374693936,-0.32690644264219415,-0.1050062477588598,0.3744908886074321,1.1236765597632314,-0.041175535263689333,-0.0828797102265959,10,10,10,10
1651820650.5997145,-0.2718669459223747,-1.7972437202930451,0.6752198904752731,-0.3597817674279212,-0.6042022109031677,-0.1285760544706135,-0.6604758277535439,0.1185108974575996,-2.4839226961135865,0.0422659918665885,0.0065851035527884,0.0038465603138319,0.7090095013380051,-0.7051500737667084,0.8309125065803528,-1.873691087961197,0.4825930908322334,-0.6465434491634369,-0.1081449016928672,0.7529263108968735,-0.0420306361280381,0.14949679374695046,-0.32690644264221635,-0.1050062477588598,0.37449088860745594,1.1220836888692058,-0.045113055779198774,-0.08385515568003576,10,10,10,10
1651820650.6097145,-0.2690569378435611,-1.7981645226478578,0.672748252749443,-0.3807565048336982,-0.6145301192998887,-0.1156845612917095,-0.6400535434484482,0.1185246307402848,-2.4839232683181764,0.0422630822286009,0.006809369532857,0.0036000184365547,0.7090019106864929,-0.7051589965820313,0.8316082686185837,-1.8774583697319032,0.4816842451691627,-0.6492629021406173,-0.1124901864677666,0.7497559249401092,-0.0447938041761517,0.06957620382309626,-0.3767281770706177,-0.09088456630707009,0.39373210680640197,1.1199360990227887,-0.04889887884731259,-0.08934630034398339,10,10,10,10
1651820650.6197145,-0.2662469297647475,-1.7990853250026704,0.670276615023613,-0.4017312422394752,-0.6248580276966095,-0.1027930681128054,-0.6196312591433525,0.1185364682227372,-2.4839241027832037,0.0422654623165726,0.0070225672330706,0.0033727430156431,0.7089955538511277,-0.7051666468381882,0.8317832708358764,-1.8808140575885768,0.4810104295611381,-0.6511943876743317,-0.1167457457631825,0.7472100377082824,-0.0475721708498894,0.017500221729271903,-0.3355687856673617,-0.06738156080245972,0.34271408259804115,1.11721600244566,-0.05356394719045099,-0.09688703195866921,10,10,10,10
1651820650.6297145,-0.263436921685934,-1.800006127357483,0.6678049772977829,-0.4227059796452522,-0.6351859360933304,-0.0899015749339014,-0.5992089748382569,0.1185635790228843,-2.4839263439178465,0.0422423791140317,0.0069481968879698,0.0034072481910697,0.7089723229408265,-0.70519038438797,0.8319582730531693,-1.8841697454452515,0.4803366139531135,-0.6531258732080459,-0.1210013050585984,0.7446641504764557,-0.0503505375236272,0.017500221729283005,-0.3355687856674727,-0.06738156080245972,0.34271408259815045,1.1145037166928924,-0.05852964716331854,-1.1866574110084072,10,10,10,10
1651820650.6397145,-0.2601093620061874,-1.8016999244689944,0.6649631917476654,-0.4454036429524421,-0.6463603377342224,-0.0718332687858492,-0.5730162531137466,0.1185906898230313,-2.48392858505249,0.0422192959114908,0.0068738265428691,0.0034417533664963,0.7089490920305253,-0.7052141219377518,0.832133275270462,-1.8875254333019256,0.4796627983450889,-0.6550573587417603,-0.1252568643540143,0.7421182632446289,-0.053128904197365,0.017500221729271903,-0.3355687856674061,-0.06738156080245972,0.34271408259808467,1.1111688586558892,-0.06443526856506931,-3.3512035988517104,10,10,10,10
1651820650.6497145,-0.2576656781136989,-1.8033488392829893,0.6629189521074295,-0.4627455115318298,-0.6550546258687973,-0.0563946390990167,-0.5491740107536316,0.1186178006231784,-2.483930826187134,0.0421962127089499,0.0067994561977683,0.0034762585419229,0.708925861120224,-0.7052378594875336,0.831590884923935,-1.891712063550949,0.4790692716836929,-0.6570060908794403,-0.1303660888224839,0.7393008917570114,-0.0563209118321537,-0.0542390346527033,-0.41866302490234375,-0.05935266613960044,0.42631366419376765,1.1081916009948363,-0.07052041673115816,-6.583809695786026,10,10,10,10
1651820650.6597145,-0.2552219942212104,-1.8049977540969848,0.6608747124671936,-0.4800873801112175,-0.6637489140033722,-0.0409560094121843,-0.5253317683935166,0.1186247523874044,-2.48393235206604,0.0421830562874674,0.0067447803914546,0.0035078393877483,0.7089181244373322,-0.705245915055275,0.8303469359874726,-1.895009881258011,0.4788197785615921,-0.6576273947954178,-0.1351504188030957,0.7376220107078553,-0.0593837874010204,-0.12439489364624023,-0.3297817707061945,-0.024949312210081898,0.3533448372838191,1.104403044286754,-0.07632345097582416,-10.878168967012428,10,10,10,10
1651820650.6697145,-0.2527783103287219,-1.80664666891098,0.6588304728269577,-0.4974292486906052,-0.6724432021379471,-0.0255173797253519,-0.5014895260334015,0.1186229422688483,-2.4839408159255982,0.0420611534267663,0.0064947186969219,0.0035725226043723,0.7089142054319382,-0.7052522748708725,0.8291029870510102,-1.898307698965073,0.4785702854394912,-0.6582486987113952,-0.1399347487837075,0.735943129658699,-0.0624466629698872,-0.12439489364624023,-0.3297817707061945,-0.02494931221008745,0.35334483728381955,1.1006191990000875,-1.1641296918170072,-14.066036499223502,10,10,10,10
1651820650.6797144,-0.2497794583439826,-1.8092442512512208,0.6560250967741013,-0.5152252092957497,-0.6817869067192077,-0.0052008795086294,-0.4702110216021538,0.1186211321502923,-2.4839492797851563,0.0419392505660652,0.0062446570023893,0.0036372058209962,0.7089102864265442,-0.70525863468647,0.8278590381145478,-1.9016055166721344,0.4783207923173904,-0.6588700026273727,-0.1447190787643193,0.7342642486095429,-0.0655095385387539,-0.12439489364624023,-0.3297817707061501,-0.024949312210081898,0.3533448372837777,1.0960903941837998,-2.2463355683080017,-13.988238415075175,10,10,10,10
1651820650.6897144,-0.2467806063592433,-1.8118418335914608,0.6532197207212448,-0.5330211699008942,-0.6911306113004685,0.015115620708093,-0.4389325171709061,0.1186193220317363,-2.4839577436447144,0.0418173477053641,0.0059945953078567,0.0037018890376202,0.7089063674211502,-0.7052649945020676,0.8262052357196807,-1.9053435266017915,0.478125536441803,-0.6594940721988678,-0.149791196361184,0.7324948519468307,-0.0686785554513334,-0.165380239486701,-0.37380099296571156,-0.019525587558738566,0.40921761267612183,1.0911916226154317,-3.322448726451344,-10.661936523510464,10,10,10,10
1651820650.6997144,-0.2445541590452193,-1.814445400238037,0.6512491971254348,-0.5437649562954903,-0.6975738704204559,0.0330916588660329,-0.4127161368727684,0.1186710219830274,-2.483964371681213,0.0417570015415548,0.0058700928697361,0.0037327200523577,0.7088609308004379,-0.7053120523691178,0.8241712898015976,-1.90953351855278,0.4779313713312149,-0.6602497547864914,-0.1550225730985402,0.730544900894165,-0.0719777399674057,-0.20339459180831465,-0.41899919509884587,-0.019416511058811814,0.46616165261854026,1.0868555120141337,-4.392304260086073,-4.10455946571834,10,10,10,10
1651820650.7097144,,,,,,,,,,,,,,,,,,,,,,,,,0.0,0.0,-4.374756727813454,4.586178071205362,10,10,10,10
1651820650.7197144,,,,,,,,,,,,,,,,,,,,,,,,,0.0,0.0,-3.274137528813365,,10,10,10,10
1651820650.7297144,,,,,,,,,,,,,,,,,,,,,,,,,0.0,0.0,-2.1780471346295656,,10,10,10,10
1651820650.7397144,,,,,,,,,,,,,,,,,,,,,,,,,0.0,0.0,-1.0868555120141337,,10,10,10,10
1651820650.7497144,,,,,,,,,,,,,,,,,,,,,,,,,0.0,0.0,0.0,,10,10,10,10
1651820650.7597144,,,,,,,,,,,,,,,,,,,,,,,,,0.0,0.0,,,10,10,10,10
1651820650.7697144,,,,,,,,,,,,,,,,,,,,,,,,,0.0,0.0,,,10,10,10,10
1651820650.7797143,,,,,,,,,,,,,,,,,,,,,,,,,0.0,0.0,,,10,10,10,10
1651820650.7897143,,,,,,,,,,,,,,,,,,,,,,,,,0.0,0.0,,,10,10,10,10
