Time,Bottle.position.x,Bottle.position.y,Bottle.position.z,Bottle.orientation.x,Bottle.orientation.y,Bottle.orientation.z,Bottle.orientation.w,CatchNet.position.x,CatchNet.position.y,CatchNet.position.z,CatchNet.orientation.x,CatchNet.orientation.y,CatchNet.orientation.z,CatchNet.orientation.w,TrashPickup.position.x,TrashPickup.position.y,TrashPickup.position.z,TrashPickup.orientation.x,TrashPickup.orientation.y,TrashPickup.orientation.z,TrashPickup.orientation.w,TrashPickup.velocity.x,TrashPickup.velocity.y,TrashPickup.velocity.z,Velocity_abs,Distance,Velocity_rel,Acceleration,Released,Moving,Freefall,Passed,Bottle.position.xpred,Bottle.position.ypred,Bottle.position.zpred,Bottle.position.x-t,Bottle.position.y-t,Bottle.position.z-t
1651821086.5392988,,,,,,,,,,,,,,,,,,,,,,,,,0.0,0.0,,,-10,-10,-10,-10,2.1232891760375465,-1.8019402859864335,-1.7597627445978983,-1.0969171055119253,-1.6263702475477455,0.05426866553027715
1651821086.5492988,,,,,,,,,,,,,,,,,,,,,,,,,0.0,0.0,,,-10,-10,-10,-10,2.0947917753158696,-1.8003865688321088,-1.7003104813967727,-1.0969171055119253,-1.6263702475477455,0.05426866553027715
1651821086.5592988,,,,,,,,,,,,,,,,,,,,,,,,,0.0,0.0,,,-10,-10,-10,-10,2.066294374594193,-1.798832851677784,-1.6416331983365446,-1.0969171055119253,-1.6263702475477455,0.05426866553027715
1651821086.5692987,,,,,,,,,,,,,,,,,,,,,,,,,0.0,0.0,,,-10,-10,-10,-10,2.037796973872516,-1.7972791345234593,-1.5837308954172138,-1.0969171055119253,-1.6263702475477455,0.05426866553027715
1651821086.5792987,,,,,,,,,,,,,,,,,,,,,,,,,0.0,0.0,0.0,,-10,-10,-10,-10,2.0092995731508396,-1.7957254173691348,-1.5266035726387805,-1.0969171055119253,-1.6263702475477455,0.05426866553027715
1651821086.5892987,,,,,,,,,,,,,,,,,,,,,,,,,0.0,0.0,0.0,,-10,-10,-10,-10,1.9808021724291627,-1.79417170021481,-1.470251230001245,-1.0969171055119253,-1.6263702475477455,0.05426866553027715
1651821086.5992987,,,,,,,,,,,,,,,,,,,,,,,,,0.0,0.0,0.2020246932218604,,-10,-10,-10,-10,1.9523047717074862,-1.7926179830604854,-1.4146738675046064,-1.0969171055119253,-1.6263702475477455,0.05426866553027715
1651821086.6092987,,,,,,,,,,,,,,,,,,,,,,,,,0.0,0.0,0.4040589489721468,,-10,-10,-10,-10,1.9238073709858092,-1.7910642659061606,-1.3598714851488656,-1.0969171055119253,-1.6263702475477455,0.05426866553027715
1651821086.6192987,,,,,,,,,,,,,,,,,,,,,,,,,0.0,0.0,0.606102828715304,2.020517417000288,-10,-10,-10,-10,1.8953099702641323,-1.7895105487518361,-1.3058440829340219,-1.0969171055119253,-1.6263702475477455,0.05426866553027715
1651821086.6292987,,,,,,,,,,,,,,,,,,,,,,,,,0.0,0.0,0.8081479302712522,0.8083513376486651,-10,-10,-10,-10,1.8668125695424558,-1.7879568315975114,-1.2525916608600758,-1.0969171055119253,-1.6263702475477455,0.05426866553027715
1651821086.639299,0.9345064282417296,-1.7291338443756104,0.1614852510392665,-0.6962314873933793,-0.0546521637588739,-0.08468219935894,0.7106997251510621,0.1202989391982554,-2.484259247779846,0.0417415341362356,0.0020089163037482,0.0084675486199557,0.7073071658611297,-0.7068527221679688,0.913370794057846,-1.7557542979717256,0.3606299549341202,-0.7125011205673217,0.006782112584915,0.6994240045547485,0.0546572055667638,,,,0.0,0.2020246932218604,0.8081695845864517,-0.807921597799425,-10,-10,-10,-10,1.8383144893891523,-1.7864030773996478,-1.200112977004832,-1.0969171055119253,-1.6263702475477455,0.05426866553027715
1651821086.649299,0.9348378956317902,-1.7291235268115996,0.1613427489995956,-0.6962306290864945,-0.0547513272613286,-0.0848950862884521,0.7106680274009705,0.1203083265572785,-2.4842589259147645,0.0417520688846706,0.0019816098851151,0.0085113521199672,0.7072988122701644,-0.7068606376647949,0.9135949224233628,-1.755712640285492,0.3604899197816849,-0.7126826465129852,0.0070769502024631,0.699225378036499,0.0548432182520627,0.0224128365516773,0.0041657686233653,-0.0140035152435324,0.026754201720318,0.2020342557502863,0.6061573177272482,-2.020192292820979,-10,-10,-10,-10,1.8098170886674754,-1.784849360245323,-1.148410533689665,-1.0969171055119253,-1.6263702475477455,0.05426866553027715
1651821086.659299,0.9351693630218506,-1.7291132092475892,0.1612002469599247,-0.6962297707796097,-0.0548504907637834,-0.0851079732179641,0.7106363296508789,0.1203145284205674,-2.48425897359848,0.0417587431147693,0.0019477069377898,0.0085557030979543,0.7072935581207276,-0.7068654596805573,0.9138190507888794,-1.7556709825992585,0.3603498846292495,-0.7128641724586486,0.0073717878200113,0.6990267515182496,0.0550292309373616,0.0224128365516551,0.0041657686233431,-0.014003515243538,0.0267542017202988,0.2020438797431571,0.4041262266093429,-2.6263960492628207,-10,-10,-10,-10,1.7813196879457989,-1.7832956430909985,-1.0974830705153953,-1.0969171055119253,-1.6263702475477455,0.05426866553027715
1651821086.6692986,0.9354160130023956,-1.7291008949279785,0.1610952764749526,-0.696285730600357,-0.0549565909430384,-0.085205978155136,0.7105619221925735,0.1203207302838563,-2.484259021282196,0.0417654173448681,0.0019138039904645,0.0086000540759413,0.7072883039712906,-0.7068702816963196,0.913999417424202,-1.755636703968048,0.3602419644594192,-0.7129920452833176,0.0069829220883548,0.6989322751760483,0.054637244157493,0.0180366635322615,0.0034278631210415,-0.01079201698303,0.021296457628315,0.2020451015559482,0.2020846796349336,-2.626499749665367,-10,-10,-10,-10,1.7528229666557489,-1.7817419629802127,-1.0473317739732657,-1.0969171055119253,-1.6263702475477455,0.05426866553027715
1651821086.6792986,0.9356626629829408,-1.729088580608368,0.1609903059899806,-0.6963416904211044,-0.0550626911222934,-0.085303983092308,0.7104875147342682,0.120329488441348,-2.4842591881752014,0.0417646933346986,0.001887054555118,0.0086255244445055,0.7072814464569092,-0.7068769037723541,0.9141797840595244,-1.755602425336838,0.3601340442895889,-0.7131199181079865,0.0065940563566982,0.698837798833847,0.0542452573776244,0.0180366635322393,0.0034278631209971,-0.01079201698303,0.021296457628289,0.20204634753706,4.457940961355433e-05,-2.02051331490443,-10,-10,-10,-10,1.724325565934072,-1.780188245825888,-0.9979542526038069,-1.0969171055119253,-1.6263702475477455,0.05426866553027715
1651821086.6892986,0.9359155684709548,-1.7290651321411132,0.1608745612204074,-0.6963512390851975,-0.0551688719540833,-0.0854327160865068,0.7104547202587128,0.1203382465988397,-2.4842593550682066,0.0417639693245291,0.0018603051197714,0.0086509948130696,0.7072745889425278,-0.7068835258483886,0.9143613159656524,-1.7555570662021638,0.3600138425827026,-0.7132465898990631,0.0062158466083928,0.698743361234665,0.0538681961596011,0.0181531906128018,0.0045359134674294,-0.0120201706886313,0.0222395445949901,0.2020466821129432,3.1514070285343365e-05,-1.2125123228201304,-10,-10,-10,-10,1.6958281652123954,-1.7786345286715632,-0.9493517113752455,-1.0969171055119253,-1.6263702475477455,0.05426866553027715
1651821086.6992986,0.9361684739589692,-1.729041683673859,0.1607588164508342,-0.6963607877492904,-0.0552750527858733,-0.0855614490807056,0.7104219257831573,0.1203470047563314,-2.484259521961212,0.0417632453143596,0.0018335556844248,0.0086764651816337,0.7072677314281464,-0.7068901479244232,0.9145428478717804,-1.7555117070674895,0.3598936408758163,-0.7133732616901398,0.0058376368600874,0.6986489236354828,0.0534911349415778,0.0181531906128018,0.0045359134674294,-0.0120201706886258,0.0222395445949872,0.2020470443755382,2.083892260307252e-05,-0.6064568737792616,-10,-10,-10,-10,1.6673307644907185,-1.7770808115172387,-0.9015241502875816,-1.0969171055119253,-1.6263702475477455,0.05426866553027715
1651821086.7092986,0.9364213794469832,-1.729018235206604,0.160643071681261,-0.6963703364133835,-0.0553812336176633,-0.0856901820749044,0.710389131307602,0.1203552208840846,-2.4842592120170592,0.041762894578278,0.0018172788841183,0.008691524947062,0.7072606742382049,-0.7068970769643783,0.9147243797779084,-1.7554663479328156,0.35977343916893,-0.7134999334812164,0.005459427111782,0.6985544860363007,0.0531140737235545,0.0181531906128018,0.004535913467385,-0.0120201706886313,0.0222395445949811,0.202047434324696,4.377126426424738e-06,-0.2024031567241748,-10,-10,-10,-10,1.638833363769042,-1.775527094362914,-0.854471569340815,-1.0969171055119253,-1.6263702475477455,0.05426866553027715
1651821086.7192986,0.9365750044584276,-1.728997641801834,0.1605544030666351,-0.6961688667535781,-0.0555214997380971,-0.0857831485569476,0.7105646908283234,0.1203634370118379,-2.4842589020729067,0.0417625438421963,0.0018010020838118,0.0087065847124903,0.7072536170482635,-0.7069040060043335,0.9148420870304108,-1.7554292738437651,0.3596870139241218,-0.7135903418064118,0.0051426593679934,0.6984914243221283,0.0527902204543351,0.0117707252502374,0.0037074089050515,-0.008642524480823,0.0150661236921597,0.2020513488676882,-3.22364657687757e-05,-0.0003587345445998,-10,-10,-10,-10,1.610335963047365,-1.7739733772085893,-0.8081939685349459,-1.0969171055119253,-1.6263702475477455,0.05426866553027715
1651821086.7292986,0.9367286294698716,-1.728977048397064,0.1604657344520092,-0.6959673970937729,-0.0556617658585309,-0.0858761150389909,0.7107402503490448,0.1203702550381421,-2.4842586517333984,0.0417665533721446,0.0017935945827047,0.0087209309451281,0.707247993350029,-0.7069094806909562,0.9149597942829132,-1.755392199754715,0.3596005886793136,-0.713680750131607,0.0048258916242047,0.6984283626079559,0.0524663671851157,0.0117707252502374,0.003707408905007,-0.0086425244808174,0.0150661236921456,0.2020552710888146,-9.249902225283436e-05,-0.0002952534637183,-10,-10,-10,-10,1.5818385623256883,-1.7724196600542648,-0.7626913478699741,-1.0969171055119253,-1.6263702475477455,0.05426866553027715
1651821086.7392986,0.9367972910404204,-1.7289281070232392,0.1604049637913703,-0.6959427624940873,-0.0557684471830725,-0.0860068410634994,0.71074059009552,0.1203770730644464,-2.48425840139389,0.0417705629020928,0.0017861870815976,0.0087352771777659,0.7072423696517944,-0.7069149553775788,0.9150134652853013,-1.7553446173667908,0.3595314279198646,-0.7137194544076919,0.0045297736534848,0.6984150350093842,0.0521816158667206,0.0053671002388067,0.0047582387924238,-0.0069160759449016,0.0099638701243429,0.2020487955905129,-4.9515693490986834e-05,-0.0003993611344834,-10,-10,-10,-10,1.5533411616040116,-1.77086594289994,-0.7179637073458999,-1.0969171055119253,-1.6263702475477455,0.05426866553027715
1651821086.7492986,0.9368348479270936,-1.7288939535617829,0.1603471331298351,-0.6960261017084122,-0.0558237280696629,-0.0861332584172487,0.7106388062238693,0.1203823387622833,-2.484258794784546,0.0417784979566931,0.0017926243832334,0.0087433461565523,0.7072381019592285,-0.7069191068410874,0.9150671362876892,-1.7552970349788666,0.3594622671604156,-0.7137581586837769,0.0042336556827649,0.6984017074108124,0.0518968645483254,0.0053671002387956,0.0047582387924238,-0.006916075944896,0.009963870124333,0.2020341371609002,-4.729350522669762e-05,-0.000433012026838,-10,-10,-10,-10,1.5248437608823349,-1.7693122257456153,-0.6740110469627232,-1.0969171055119253,-1.6263702475477455,0.05426866553027715
1651821086.7592986,0.9367932349443436,-1.7288458049297333,0.1603139825165271,-0.6961613804101944,-0.0558101953938602,-0.0861259289085864,0.7105072319507599,0.1203876044601201,-2.4842591881752014,0.0417864330112933,0.0017990616848691,0.0087514151353388,0.7072338342666626,-0.7069232583045959,0.9150740832090378,-1.755246740579605,0.3594173848628997,-0.7137405842542648,0.0037605959689244,0.6984577208757401,0.0515104889869689,0.0006946921348616,0.0050294399261519,-0.0044882297515924,0.0067765824304061,0.2020170680442408,-6.811679470097864e-05,-0.0003948408714824,-10,-10,-10,-10,1.4963463601606581,-1.7677585085912906,-0.6308333667204439,-1.0969171055119253,-1.6263702475477455,0.05426866553027715
1651821086.7692986,0.9367516219615936,-1.7287976562976837,0.1602808319032192,-0.6962966591119766,-0.0557966627180575,-0.0861185993999242,0.7103756576776504,0.120392870157957,-2.484259581565857,0.0417943680658935,0.0018054989865049,0.0087594841141253,0.7072295665740966,-0.7069274097681045,0.9150810301303864,-1.7551964461803435,0.3593725025653839,-0.7137230098247528,0.0032875362550839,0.6985137343406678,0.0511241134256123,0.0006946921348616,0.0050294399261519,-0.0044882297515813,0.0067765824303987,0.2020000098629588,-0.0001058338167536,-0.0003380118130895,-10,-10,-10,-10,1.4678489594389814,-1.766204791436966,-0.588430666619062,-1.0969171055119253,-1.6263702475477455,0.05426866553027715
1651821086.7792983,0.9367100089788436,-1.728749507665634,0.1602476812899112,-0.6964319378137589,-0.0557831300422548,-0.086111269891262,0.710244083404541,0.1203861087560653,-2.4842599868774413,0.04179711304605,0.0018247707921545,0.0087461000308393,0.7072347849607468,-0.706922298669815,0.91484777033329,-1.7551662564277648,0.3594178512692451,-0.7135479807853699,0.0026687094708904,0.6987374722957611,0.0506421359255909,-0.023325979709643,0.0030189752578735,0.0045348703861192,0.0239537176747416,0.2021003678951461,-0.0002776364567942,-0.0002058637052804,-10,-10,-10,-10,1.4393522381489314,-1.7646511113261802,-0.5468039299034367,-1.0969171055119253,-1.6263702475477455,0.05426866553027715
1651821086.7892983,0.9362456649541856,-1.728721523284912,0.1603306733071803,-0.6963117569684982,-0.0556970069184898,-0.0860951956361531,0.710370334982872,0.1203793473541736,-2.484260392189026,0.0417998580262064,0.0018440425978041,0.0087327159475534,0.7072400033473969,-0.7069171875715256,0.9146145105361938,-1.755136066675186,0.3594631999731063,-0.7133729517459869,0.0020498826866969,0.6989612102508544,0.0501601584255694,-0.0233259797096208,0.0030189752578735,0.0045348703861192,0.02395371767472,0.2020381105641393,-0.0001512990136753,0.0007801396417297,-10,-10,-10,-10,1.4108548374272547,-1.7630973941718555,-0.5059511716068658,-1.0969171055119253,-1.6263702475477455,0.05426866553027715
1651821086.7992983,0.935728695988655,-1.7287070035934449,0.1604363828897476,-0.6962707877159119,-0.0555484371259807,-0.0860684126615523,0.710425055027008,0.1203675560653209,-2.4842616438865663,0.0418013324961065,0.0018775498669128,0.0087042013648896,0.7072494894266128,-0.7069079428911209,0.9143164843320848,-1.7551170229911803,0.3595372095704078,-0.7131898701190948,0.0023997053271159,0.6991241961717606,0.0505084417760371,-0.0298026204109014,0.0019043684005737,0.0074009597301527,0.0307668166583532,0.2019829475909707,-8.161627099845248e-05,0.0016644703175683,-10,-10,-10,-10,1.382357436705578,-1.761543677017531,-0.46587339345119216,-1.0969171055119253,-1.6263702475477455,0.05426866553027715
1651821086.8092985,0.9352117270231248,-1.7286924839019775,0.1605420924723148,-0.6962298184633255,-0.0553998673334717,-0.0860416296869515,0.7104797750711441,0.1203557647764682,-2.484262895584106,0.0418028069660066,0.0019110571360215,0.0086756867822259,0.7072589755058288,-0.7068986982107163,0.9140184581279754,-1.7550979793071746,0.3596112191677093,-0.7130067884922028,0.0027495279675349,0.6992871820926666,0.0508567251265048,-0.0298026204109347,0.0019043684005737,0.0074009597301472,0.0307668166583842,0.2019280120174588,-8.488508729298516e-05,0.0024153969050038,-10,-10,-10,-10,1.3538593565522743,-1.7599899228196674,-0.4265696676225089,-1.0969171055119253,-1.6263702475477455,0.05426866553027715
1651821086.8192985,0.9346947580575944,-1.7286779642105103,0.160647802054882,-0.6961888492107391,-0.0552512975409626,-0.0860148467123508,0.7105344951152801,0.1203454550355672,-2.484264278411865,0.041801974736154,0.0019430135085712,0.0086444159038364,0.7072674989700317,-0.7068904548883438,0.9137204319238664,-1.7550789356231689,0.3596852287650108,-0.7128237068653107,0.0030993506079539,0.6994501680135727,0.0512050084769725,-0.0298026204109014,0.0019043684005737,0.0074009597301527,0.0307668166583532,0.2018733040292497,-0.0001588231434859,0.0030437597735684,-10,-10,-10,-10,1.3253619558305978,-1.7584362056653426,-0.38804186822561426,-1.0969171055119253,-1.6263702475477455,0.05426866553027715
1651821086.8292985,0.9340079307556152,-1.7286711931228638,0.1608106069266796,-0.6962131828069686,-0.0550338324159383,-0.0859796401113271,0.7105314433574677,0.1203351452946662,-2.484265661239624,0.0418011425063013,0.001974969881121,0.0086131450254469,0.7072760224342346,-0.7068822115659714,0.912603422999382,-1.7551203310489654,0.3601435169577598,-0.7120793014764786,0.0041114127496256,0.7001163721084595,0.0521424893289803,-0.1117008924484408,-0.0041395425796508,0.0458288192749012,0.1208077226946955,0.2022160203118914,0.0006065835700315,0.0013566094239869,-10,-10,-10,-10,1.2968645551089208,-1.756882488511018,-0.350289048969617,-1.0969171055119253,-1.6263702475477455,0.05426866553027715
1651821086.8392985,0.9321469694375992,-1.728740632534027,0.1613483525812625,-0.6964493274688721,-0.0546179870143532,-0.085943230614066,0.7103337287902832,0.1203230824321507,-2.4842662811279297,0.0417923575267195,0.0020121572364586,0.0085618460550903,0.7072863757610321,-0.7068723410367965,0.9114864140748976,-1.755161726474762,0.3606018051505088,-0.7113348960876464,0.0051234748912974,0.7007825762033463,0.0530799701809882,-0.1117008924484408,-0.004139542579673,0.0458288192749012,0.1208077226946962,0.2020566037368867,0.0006987088963914,-0.0001706072712206,-10,-10,-10,-10,1.2683671543872443,-1.7553287713566932,-0.3133112098545172,-1.0969171055119253,-1.6263702475477455,0.05426866553027715
1651821086.8492985,0.9302704334259032,-1.7288200616836549,0.1619165949523448,-0.6967093795537949,-0.0541932163760065,-0.085989038273692,0.7101033896207809,0.1203110195696353,-2.484266901016236,0.0417835725471376,0.0020493445917963,0.0085105470847338,0.7072967290878296,-0.7068624705076217,0.9103643536567688,-1.7552206814289093,0.3610812976956367,-0.7105632126331329,0.005671253078617,0.7015032917261124,0.053627593256533,-0.1122060418128789,-0.0058954954147205,0.0479492545127857,0.1221641669796444,0.201890622747894,0.000652542023845,-0.0010500696541173,-10,-10,-10,-10,1.2398697536655674,-1.7537750542023687,-0.2771083508803148,-1.0969171055119253,-1.6263702475477455,0.05426866553027715
1651821086.8592985,0.9283938974142074,-1.7288994908332824,0.1624848373234271,-0.6969694316387176,-0.0537684457376598,-0.086034845933318,0.7098730504512787,0.1203021422028541,-2.4842671513557435,0.0417786480858921,0.0020931284758261,0.0084587006364017,0.7073039829730987,-0.7068556934595108,0.9092422932386398,-1.7552796363830567,0.3615607902407646,-0.7097915291786194,0.0062190312659367,0.7022240072488785,0.0541752163320779,-0.1122060418129011,-0.0058954954147427,0.0479492545127913,0.122164166979668,0.2017273681275569,0.0004904884545393,-0.0013248558034748,-10,-10,-10,-10,1.2113723529438907,-1.752221337048044,-0.24168047204700993,-1.0969171055119253,-1.6263702475477455,0.05426866553027715
1651821086.8692985,0.9265173614025116,-1.7289789199829102,0.1630530796945094,-0.6972294837236405,-0.0533436750993131,-0.086080653592944,0.7096427112817765,0.1202932648360728,-2.484267401695252,0.0417737236246466,0.002136912359856,0.0084068541880696,0.7073112368583679,-0.7068489164113998,0.906152918934822,-1.7554283916950226,0.3630406960844993,-0.7073866069316864,0.005284608551301,0.7045562148094178,0.053579519316554,-0.3089374303817838,-0.0148755311965897,0.1479905843734696,0.3428772818115561,0.2027543631595123,-0.0009617534662416,0.000165627591997,-10,10,-10,-10,1.182874952222214,-1.7506676198937192,-0.20702757335460253,-1.0969171055119253,-1.6263702475477455,0.05426866553027715
1651821086.8792984,0.921483474969864,-1.729099440574646,0.1647815071046351,-0.6972578018903732,-0.0526109293103217,-0.0862224612385034,0.70964817404747,0.1202843874692916,-2.4842676520347595,0.041768799163401,0.0021806962438858,0.0083550077397375,0.7073184907436371,-0.7068421393632889,0.9030635446310044,-1.7555771470069883,0.3645206019282341,-0.7049816846847534,0.0043501858366652,0.706888422369957,0.0529838223010301,-0.3089374303817616,-0.0148755311965675,0.1479905843734807,0.3428772818115399,0.2023266388109989,-7.062521510925457e-05,0.00605128311926,-10,10,-10,-10,1.1543775515005372,-1.7491139027393945,-0.17314965480309252,-1.0969171055119253,-1.6263702475477455,0.05426866553027715
1651821086.8892984,0.916443333029747,-1.729231095314026,0.1665207087993621,-0.6973325312137604,-0.0518781028687953,-0.0863335408270358,0.7096120238304138,0.1202827140688895,-2.484267807006836,0.0417612869292497,0.0022009195527061,0.0083226477727293,0.7073197871446609,-0.7068411856889725,0.8999730050563812,-1.7557369828224183,0.3660127893090248,-0.7025779634714127,0.0034051071386783,0.7092205911874772,0.0523731997236609,-0.309053957462313,-0.0159835815429998,0.149218738079071,0.3435637572503382,0.2019181120212635,0.0005534048083382,0.0105015200191938,-10,10,-10,-10,1.1258801507788605,-1.74756018558507,-0.14004671639247995,-1.0969171055119253,-1.6263702475477455,0.05426866553027715
1651821086.8992984,0.91140319108963,-1.7293627500534057,0.1682599104940891,-0.6974072605371475,-0.0511452764272689,-0.0864446204155683,0.7095758736133575,0.1202810406684874,-2.4842679619789125,0.0417537746950983,0.0022211428615264,0.0082902878057211,0.7073210835456848,-0.7068402320146561,0.8968824654817581,-1.755896818637848,0.3675049766898155,-0.7001742422580719,0.0024600284406914,0.7115527600049972,0.0517625771462916,-0.309053957462313,-0.0159835815429776,0.149218738079071,0.3435637572503371,0.2015279252886865,0.0009531294163198,0.0143777416996468,-10,10,-10,-10,1.0973827500571838,-1.7460064684307453,-0.10771875812276477,-1.0969171055119253,-1.6263702475477455,0.05426866553027715
1651821086.9092984,0.9063630491495132,-1.7294944047927856,0.169999112188816,-0.6974819898605347,-0.0504124499857425,-0.0865557000041007,0.7095397233963012,0.1202799092978238,-2.484268593788147,0.041745889186859,0.0022308935353066,0.0082683384418487,0.7073225796222686,-0.706838971376419,0.893791925907135,-1.7560566544532776,0.3689971640706062,-0.6977705210447311,0.0015149497427046,0.7138849288225174,0.0511519545689224,-0.309053957462313,-0.0159835815429554,0.1492187380790655,0.3435637572503337,0.2011561853370386,0.0011780415272555,0.0186184938019007,-10,10,-10,-10,1.068885349335507,-1.7444527512764205,-0.07616577999394714,-1.0969171055119253,-1.6263702475477455,0.05426866553027715
1651821086.9192984,0.9013229072093965,-1.7296260595321655,0.1717383138835429,-0.6975567191839218,-0.0496796235442161,-0.0866667795926332,0.709503573179245,0.1202787779271602,-2.484269225597381,0.0417380036786198,0.0022406442090868,0.0082463890779763,0.7073240756988526,-0.706837710738182,0.8865007579326629,-1.7561849534511569,0.3732115909457206,-0.6917535722255707,0.001473329833243,0.7190944433212281,0.051627255603671,-0.7291167974472046,-0.012829899787925,0.4214426875114418,0.8422528417910521,0.2037561099097522,0.0042466932758806,0.0152244419746592,-10,10,-10,-10,1.0403879486138303,-1.7428990341220958,-0.04538778200602689,-1.0969171055119253,-1.6263702475477455,0.05426866553027715
1651821086.9292984,0.8900331944227219,-1.7294214010238649,0.1766962066292762,-0.6968881726264954,-0.0481089340522884,-0.0859230019152164,0.7103112518787384,0.1202736593782901,-2.4842696666717528,0.0417317451909183,0.0022476687736343,0.0082289547193795,0.7073284208774566,-0.7068335503339768,0.8792095899581909,-1.7563132524490357,0.3774260178208351,-0.6857366234064102,0.0014317099237814,0.7243039578199386,0.0521025566384195,-0.7291167974472046,-0.0128298997878806,0.421442687511453,0.842252841791057,0.2028121771188233,0.0042343075967712,0.0095302039840379,-10,10,-10,-10,1.0118905478921536,-1.7413453169677713,-0.015384764159004083,-1.0969171055119253,-1.6263702475477455,0.05426866553027715
1651821086.9392984,0.8788284450769425,-1.729245090484619,0.1816262014210224,-0.6960427910089493,-0.0465718293562531,-0.0851414646953343,0.711294150352478,0.1202693469822406,-2.4842703223228453,0.0417265096679329,0.0022617744747548,0.0082067090552299,0.7073322057723999,-0.7068299859762192,0.8719824582338334,-1.7564520597457889,0.3816231802105904,-0.6797713786363602,0.0013694402412511,0.7294637382030487,0.0525387557223438,-0.7227131724357516,-0.0138807296753196,0.419716238975526,0.8358640592394367,0.2019551391700373,0.0047302138812661,0.0060215889831429,-10,10,-10,-10,0.9833931471704768,-1.7397915998134466,0.013843273547121282,-1.0969171055119253,-1.6263702475477455,0.05426866553027715
1651821086.9492984,0.8676548004150391,-1.7290539920330048,0.1865532562136649,-0.6950894355773926,-0.0450861250981688,-0.0843642361462115,0.7123791724443436,0.1202665869146584,-2.4842703342437744,0.0417173486202954,0.0022620353731326,0.0081907406449317,0.7073346346616745,-0.7068277448415756,0.8647553265094757,-1.7565908670425414,0.3858203426003456,-0.6738061338663102,0.0013071705587208,0.7346235185861587,0.0529749548062681,-0.7227131724357627,-0.013880729675253,0.4197162389755204,0.8358640592394425,0.2011816546091038,0.0058814345912898,0.0053453872075281,-10,10,-10,-10,0.9548957464488,-1.7382378826591218,0.04229633111234915,-1.0969171055119253,-1.6263702475477455,0.05426866553027715
1651821086.9592984,0.8564811557531357,-1.7288628935813903,0.1914803110063075,-0.6941360801458358,-0.0436004208400845,-0.0835870075970887,0.7134641945362091,0.1202638268470763,-2.4842703461647035,0.041708187572658,0.0022622962715103,0.0081747722346335,0.707337063550949,-0.7068255037069321,0.8524634808301925,-1.7567023813724518,0.3947701826691627,-0.6624743461608886,0.0024111103266477,0.7431392341852188,0.0544588662683963,-1.2291845679283209,-0.0111514329910411,0.8949840068817105,1.5205312982852173,0.2052265838359037,0.0029924364421363,0.0128462894344671,-10,10,-10,-10,0.9263983457271233,-1.736684165504797,0.06997440853667963,-1.0969171055119253,-1.6263702475477455,0.05426866553027715
1651821086.9692984,0.8379427462816238,-1.728274893760681,0.201506894826889,-0.6933711796998978,-0.041523872828111,-0.0819240638986229,0.714463222026825,0.1202610667794942,-2.484270358085632,0.0416990265250205,0.0022625571698881,0.0081588038243352,0.7073394924402236,-0.7068232625722886,0.8401716351509094,-1.756813895702362,0.4037200227379799,-0.6511425584554672,0.0035150500945746,0.7516549497842788,0.0559427777305245,-1.2291845679283098,-0.0111514329910189,0.8949840068817216,1.5205312982852146,0.204229262538467,0.0028573880971398,0.0386628617801971,-10,10,-10,-10,0.8979009450054466,-1.7351304483504726,0.09687750582011265,-1.0969171055119253,-1.6263702475477455,0.05426866553027715
1651821086.9792984,0.819404336810112,-1.727686893939972,0.2115334786474704,-0.6926062792539597,-0.0394473248161375,-0.0802611202001571,0.7154622495174408,0.1202579393982886,-2.484270548820496,0.0416874600574373,0.0022496519552077,0.0081513605546205,0.7073423504829407,-0.7068205326795578,0.8281199961900712,-1.7569053053855896,0.4125796318054199,-0.6399682253599167,0.0047647569328546,0.7600029408931732,0.0575222911313175,-1.2051638960838271,-0.0091409683227627,0.8859609067439989,1.4958042325132246,0.203345110552092,0.0049025016688042,0.0734944489639788,-10,10,-10,-10,0.8694035442837698,-1.7335767311961479,0.12300562296264825,-1.0969171055119253,-1.6263702475477455,0.05426866553027715
1651821086.9892983,0.8012886583805084,-1.727078729867935,0.2214439198374747,-0.6920968383550644,-0.0374433672521263,-0.0786069212481379,0.7162034511566162,0.1202548120170831,-2.4842707395553587,0.0416758935898542,0.0022367467405274,0.0081439172849058,0.7073452085256576,-0.706817802786827,0.8160683572292328,-1.756996715068817,0.4214392408728599,-0.6287938922643661,0.0060144637711345,0.7683509320020676,0.0591018045321106,-1.2051638960838384,-0.0091409683227405,0.8859609067439989,1.4958042325132332,0.2027600892004784,0.0089823172806213,0.1146719829528837,10,10,-10,-10,0.840906143562093,-1.7320230140418231,0.14835875996428635,-1.0969171055119253,-1.6263702475477455,0.05426866553027715
1651821086.9992983,0.7831729799509048,-1.7264705657958983,0.2313543610274791,-0.6915873974561692,-0.035439409688115,-0.0769527222961186,0.7169446527957917,0.1202567145228385,-2.484270083904266,0.0416655976325273,0.002209606062388,0.008151604514569,0.7073437988758087,-0.7068192064762115,0.8040167182683945,-1.757088124752045,0.4302988499403,-0.6176195591688156,0.0072641706094145,0.7766989231109619,0.0606813179329037,-1.2051638960838271,-0.0091409683227849,0.88596090674401,1.4958042325132312,0.2023630549588155,0.0151967317331096,0.1598533308051573,10,10,-10,-10,0.8124087428404163,-1.7304692968874984,0.17293691682502704,-1.0969171055119253,-1.6263702475477455,0.05426866553027715
1651821087.0092983,0.7638427078723907,-1.7258057415485382,0.242068164050579,-0.6910414338111878,-0.0333348514046519,-0.0751819789409637,0.7177302360534668,0.1202586170285939,-2.4842694282531737,0.0416553016752004,0.0021824653842485,0.0081592917442321,0.7073423892259598,-0.706820610165596,0.7886404484510422,-1.7573338806629182,0.4436813816428184,-0.6021236494183541,0.0086473854258656,0.7871951669454574,0.0622356476262211,-1.5376269817352295,-0.0245755910873279,1.3382531702518408,2.038583391065125,0.205564688119622,0.0274197036091254,0.1953064421522841,10,10,-10,-10,0.7839113421187396,-1.728915579733174,0.1967400935448703,-1.0969171055119253,-1.6263702475477455,0.05426866553027715
1651821087.0192983,0.7396636962890625,-1.7249075055122376,0.2556369967758655,-0.6902610391378403,-0.030768421042012,-0.0729428328573703,0.7187684088945389,0.1202605195343493,-2.484268772602081,0.0416450057178735,0.0021553247061091,0.0081669789738952,0.7073409795761109,-0.7068220138549804,0.7732641786336899,-1.7575796365737917,0.4570639133453369,-0.5866277396678925,0.0100306002423167,0.797691410779953,0.0637899773195385,-1.5376269817352295,-0.0245755910873501,1.338253170251852,2.0385833910651328,0.2068073095434003,0.0383571693529545,0.2214447193387474,10,10,-10,-10,0.7554139413970629,-1.7273618625788492,0.2197682901238161,-1.0969171055119253,-1.6263702475477455,0.05426866553027715
1651821087.0292983,0.7156545430421829,-1.724001520872116,0.2691487342119216,-0.6894153416156769,-0.0282708860118873,-0.0707121104001998,0.7198643535375595,0.1203498419374227,-2.484275496006012,0.0414691405370831,0.0015931118221487,0.0084566977340727,0.7072705388069153,-0.7068852722644806,0.7587068915367127,-1.7577649533748627,0.4700621664524078,-0.5716931536793709,0.010751575557515,0.8076844364404678,0.0647551095113158,-1.4557287096977234,-0.0185316801071033,1.2998253107070867,1.9516750082328167,0.2082298761943501,0.0503321390570643,0.2421061940629962,10,10,-10,-10,0.7269165406753861,-1.7258081454245244,0.24202150656186444,-1.0969171055119253,-1.6263702475477455,0.05426866553027715
1651821087.0392983,0.6928195238113404,-1.7230193257331847,0.2822855308651923,-0.6883578330278397,-0.0259717312583233,-0.0684825908392667,0.7211549609899521,0.1204409174621104,-2.4842829823493955,0.0413012281060218,0.0010256679554003,0.0087664445862173,0.7071982681751251,-0.7069501578807831,0.7441496044397354,-1.7579502701759335,0.4830604195594787,-0.5567585676908493,0.0114725508727133,0.8176774621009827,0.065720241703093,-1.4557287096977234,-0.0185316801070811,1.2998253107070925,1.9516750082328205,0.2101559040026785,0.0634789622747147,0.2589130384843277,10,10,-10,-10,0.6984191399537094,-1.7242544282701997,0.2634997428590154,-1.0969171055119253,-1.6263702475477455,0.05426866553027715
1651821087.0492983,0.6699845045804977,-1.7220371305942537,0.2954223275184631,-0.6873003244400024,-0.0236725765047594,-0.0662530712783336,0.7224455684423446,0.1205319929867982,-2.48429046869278,0.0411333156749605,0.000458224088652,0.0090761914383619,0.7071259975433349,-0.7070150434970855,0.727729445695877,-1.758148854970932,0.4992699354887008,-0.5387128591537476,0.0079435158055275,0.8289439469575882,0.0654835710301995,-1.6420158743858382,-0.0198584794998568,1.6209515929222096,2.307399956128149,0.2149241311185496,0.0750771102472256,0.2751594806045485,10,10,-10,-10,0.6699217392320327,-1.7227007111158752,0.28420299901526885,-1.0969171055119253,-1.6263702475477455,0.05426866553027715
1651821087.0592985,0.6411454528570175,-1.7207237541675569,0.3113774448633193,-0.6858052521944046,-0.0208700394956394,-0.0634030961431562,0.7241645097732544,0.120623068511486,-2.484297955036163,0.0409654032438992,-0.0001092197780963,0.0093859382905065,0.7070537269115448,-0.707079929113388,0.7113092869520188,-1.7583474397659302,0.515479451417923,-0.5206671506166458,0.0044144807383417,0.8402104318141937,0.0652469003573059,-1.642015874385827,-0.0198584794998124,1.6209515929222151,2.307399956128145,0.2190802008683842,0.0890577620514034,0.2969303133786121,10,10,-10,-10,0.6414236590787291,-1.7211469569180116,0.30413174091949086,-1.0969171055119253,-1.6263702475477455,0.05426866553027715
1651821087.0692985,0.6123064011335373,-1.71941037774086,0.3273325622081756,-0.6843101799488067,-0.0180675024865194,-0.0605531210079788,0.7258834511041641,0.1206748392432927,-2.4842909693717954,0.0408940702676772,-0.0002501456809113,0.009400596609339,0.707006961107254,-0.7071267336606979,0.6968564420938492,-1.7584562242031097,0.5306885540485382,-0.5042546808719635,0.0023676465731114,0.8498654246330262,0.0661535497754811,-1.4452844858169556,-0.0108784437179432,1.5209102630615257,2.098126214927688,0.2236670448897683,0.1044482814654634,0.320621292284615,10,10,10,-10,0.6129262583570524,-1.7195932397636868,0.32328501831696543,-1.0969171055119253,-1.6263702475477455,0.05426866553027715
1651821087.0792985,0.586624699831009,-1.7180559098720551,0.3421274945139884,-0.683046841621399,-0.0155729406280442,-0.0576071458868681,0.727366590499878,0.1207266099750995,-2.4842839837074275,0.0408227372914552,-0.0003910715837264,0.0094152549281715,0.7069601953029633,-0.7071735382080078,0.6824035972356797,-1.7585650086402893,0.5458976566791535,-0.4878422111272812,0.000320812407881,0.8595204174518585,0.0670601991936564,-1.4452844858169556,-0.0108784437179654,1.5209102630615257,2.098126214927688,0.2287725142142007,0.1216356284724891,0.3455666921715941,10,10,10,-10,0.5844288576353757,-1.718039522609362,0.34166331557354257,-1.0969171055119253,-1.6263702475477455,0.05426866553027715
1651821087.0892982,0.5609429985284805,-1.71670144200325,0.3569224268198013,-0.6817835032939911,-0.013078378769569,-0.0546611707657575,0.7288497298955917,0.1207711767405271,-2.4842770934104914,0.040753992088139,-0.0005084369113319,0.0094104267656802,0.7069193869829178,-0.7072145193815231,0.6679507523775101,-1.758673793077469,0.5611067593097687,-0.4714297413825988,-0.0017260217573493,0.8691754102706909,0.0679668486118316,-1.4452844858169556,-0.0108784437179654,1.5209102630615257,2.098126214927688,0.2343151281349234,0.1396057829090515,0.3703362378356929,10,10,10,-10,0.5559321363453257,-1.7164858424985765,0.35926622223130833,-1.0969171055119253,-1.6263702475477455,0.05426866553027715
1651821087.0992982,0.5293079271912575,-1.7150097727775573,0.3736751049757003,-0.6799406677484512,-0.0100488897180184,-0.0511438935995101,0.7308571755886077,0.1208157435059547,-2.484270203113556,0.0406852468848227,-0.0006258022389374,0.0094055986031889,0.7068785786628723,-0.7072555005550385,0.6525867760181427,-1.7586953103542329,0.5777865916490554,-0.4537542596459388,-0.0036399282515048,0.8792643368244171,0.0690249443054198,-1.536397635936737,-0.0021517276763916,1.6679832339286715,2.267750073158666,0.2424202956714895,0.1584860014635671,0.3928134549602384,10,10,10,-10,0.527434735623649,-1.7149321253442518,0.3760945776830746,-1.0969171055119253,-1.6263702475477455,0.05426866553027715
1651821087.1092982,0.4976728558540344,-1.7133181035518643,0.3904277831315993,-0.6780978322029114,-0.0070194006664678,-0.0476266164332627,0.7328646212816239,0.1208216443657874,-2.484269738197326,0.040690436027944,-0.0006365042761899,0.0094232803676276,0.7068732708692551,-0.7072606265544892,0.6372227996587754,-1.7587168276309968,0.5944664239883423,-0.4360787779092788,-0.0055538347456604,0.8893532633781434,0.0700830399990081,-1.536397635936737,-0.0021517276763916,1.6679832339286826,2.2677500731586746,0.2513304556288125,0.1788398530699153,0.4120646437780826,10,10,10,-10,0.49893733490197223,-1.713378408189927,0.39214795299394334,-1.0969171055119253,-1.6263702475477455,0.05426866553027715
1651821087.1192982,0.4660377845168114,-1.7116264343261718,0.4071804612874984,-0.6762549966573715,-0.0039899116149172,-0.0441093392670153,0.7348720669746399,0.1208215557038783,-2.4842693805694576,0.0406951060518621,-0.0006443423975724,0.0094379859510808,0.7068730562925338,-0.7072606891393661,0.6260594516992569,-1.7587698817253112,0.6084240168333054,-0.4220165237784385,-0.0083712000283412,0.8965648442506791,0.0700552120804786,-1.1163347959518457,-0.0053054094314441,1.3957592844963118,1.7872815962460251,0.2613970299166444,0.2006971707678673,0.4266067852411788,10,10,10,-10,0.47043993418029545,-1.7118246910356025,0.40742634816391476,-1.0969171055119253,-1.6263702475477455,0.05426866553027715
1651821087.1292982,0.4406522840261459,-1.7102710783481598,0.4207144483923912,-0.6751554369926452,-0.0017982856137677,-0.0414469193667172,0.7360356837511063,0.1208254542201757,-2.484269213676453,0.0406981490552424,-0.0006494544097222,0.0094481765292584,0.7068699926137925,-0.7072636514902115,0.6148961037397385,-1.758822935819626,0.6223816096782684,-0.4079542696475983,-0.011188565311022,0.9037764251232148,0.0700273841619491,-1.1163347959518457,-0.0053054094314664,1.3957592844963007,1.787281596246017,0.2709018927830082,0.2225319947709247,0.4385012206758685,10,10,10,-10,0.4419425334586187,-1.7102709738812778,0.4219297631929887,-1.0969171055119253,-1.6263702475477455,0.05426866553027715
1651821087.1392982,0.4152667835354805,-1.7089157223701477,0.4342484354972839,-0.674055877327919,0.0003933403873816,-0.0387844994664191,0.7371993005275727,0.1208285465836524,-2.484268832206726,0.0407001690939068,-0.0006616475584451,0.0094631784129887,0.7068674892187119,-0.7072660177946091,0.6035543382167816,-1.7587564706802368,0.6363657802343369,-0.3940013036131858,-0.0133383099571801,0.9109682947397232,0.0702356608584522,-1.1341765522956848,0.0066465139389126,1.3984170556068487,1.8005473860293135,0.2806915112423785,0.2454918912499386,0.4473529897193289,10,10,10,-10,0.41344513273694194,-1.708717256726953,0.4356581980811651,-1.0969171055119253,-1.6263702475477455,0.05426866553027715
1651821087.1492982,0.3828095696866512,-1.7071432173252106,0.4490225836634636,-0.6720320373773575,0.0032354893395677,-0.0354535067453979,0.7391416251659393,0.1208316389471292,-2.4842684507369994,0.0407021891325711,-0.0006738407071679,0.009478180296719,0.7068649858236313,-0.7072683840990066,0.5922125726938248,-1.758690005540848,0.6503499507904053,-0.3800483375787735,-0.0154880546033382,0.9181601643562316,0.0704439375549554,-1.1341765522956848,0.0066465139388682,1.3984170556068376,1.8005473860293049,0.2950244020382661,0.2675192812999232,0.4540440957518643,10,10,10,-10,0.3849477320152652,-1.7071635395726283,0.4486116528284442,-1.0969171055119253,-1.6263702475477455,0.05426866553027715
1651821087.1592982,0.350352355837822,-1.7053707122802737,0.4637967318296432,-0.670008197426796,0.0060776382917538,-0.0321225140243768,0.741083949804306,0.1208344765007495,-2.484267735481262,0.0407069709151982,-0.0006838112254627,0.0094948883168398,0.7068623244762421,-0.7072708785533905,0.5859355211257935,-1.7586508333683013,0.6595814436674118,-0.3714619144797325,-0.0188040086999535,0.92199609875679,0.0696045018732547,-0.6277051568031267,0.0039172172546786,0.9231492877006532,1.1163483846230446,0.3109177583536403,0.2896308838354153,0.4648806558243417,10,10,10,-10,0.3564503312935885,-1.7056098224183038,0.4607901274348258,-1.0969171055119253,-1.6263702475477455,0.05426866553027715
1651821087.1692982,0.3252599067986012,-1.7039951086044312,0.473471350967884,-0.6677959024906158,0.0083289434900507,-0.0296772364526986,0.7431122690439225,0.1208373140543698,-2.484267020225525,0.0407117526978253,-0.0006937817437574,0.0095115963369607,0.7068596631288528,-0.7072733730077744,0.5796584695577621,-1.758611661195755,0.6688129365444183,-0.3628754913806915,-0.0221199627965688,0.9258320331573486,0.068765066191554,-0.6277051568031378,0.0039172172546342,0.9231492877006532,1.1163483846230509,0.3253612324885097,0.3134879725009927,0.4801095276910128,10,10,10,-10,0.32795293057191177,-1.704056105263979,0.47219362190030995,-1.0969171055119253,-1.6263702475477455,0.05426866553027715
1651821087.1792982,0.3001674577593803,-1.7026195049285888,0.4831459701061248,-0.6655836075544357,0.0105802486883476,-0.0272319588810204,0.7451405882835388,0.1208405189216136,-2.484266126155853,0.0407189399003982,-0.000690586148994,0.009519779216498,0.7068565726280213,-0.7072763562202453,0.5733814179897309,-1.7585724890232086,0.6780444294214248,-0.3542890682816505,-0.0254359168931841,0.9296679675579071,0.0679256305098533,-0.6277051568031267,0.0039172172546342,0.9231492877006532,1.1163483846230446,0.340238172369477,0.3372698721552722,0.4946590078539723,10,10,10,-10,0.299455529850235,-1.7025023881096544,0.48282213622489667,-1.0969171055119253,-1.6263702475477455,0.05426866553027715
1651821087.1892982,0.2750750087201595,-1.7012439012527465,0.4928205892443656,-0.6633713126182557,0.0128315538866445,-0.0247866813093423,0.7471689075231552,0.1208437237888574,-2.4842652320861816,0.040726127102971,-0.0006873905542306,0.0095279620960354,0.7068534821271897,-0.7072793394327164,0.5674788147211075,-1.7585163295269013,0.6864034473896027,-0.3467931553721428,-0.0263339259196072,0.9331084430217744,0.0678206298500299,-0.5902603268623352,0.0056159496307328,0.835901796817784,1.0233135425083972,0.3553230076591399,0.3612162771188301,0.508560302162441,10,10,10,-10,0.27095812912855827,-1.7009486709553296,0.4926756704085859,-1.0969171055119253,-1.6263702475477455,0.05426866553027715
1651821087.199298,0.2430063921958208,-1.6994699001312257,0.5025285750627517,-0.66078120470047,0.0156549729639664,-0.0216193329542874,0.74947889149189,0.1208469286561012,-2.48426433801651,0.0407333143055438,-0.0006841949594672,0.0095361449755727,0.706850391626358,-0.7072823226451874,0.5615762114524842,-1.758460170030594,0.6947624653577804,-0.339297242462635,-0.0272319349460303,0.9365489184856416,0.0677156291902064,-0.5902603268623352,0.0056159496307328,0.8359017968177729,1.0233135425083884,0.3767233072985857,0.3891468721379005,0.5097676989132895,10,10,10,-10,0.24246140783850828,-1.699394990844544,0.5017540172398476,-1.0969171055119253,-1.6263702475477455,0.05426866553027715
1651821087.209298,0.2121523693203926,-1.697752559185028,0.5114331990480423,-0.6582276195287704,0.0183777913218363,-0.0185685290023683,0.7517444938421249,0.1208267379552125,-2.484262895584106,0.0407412396743893,-0.0005952834384515,0.0094618884380906,0.7068684726953507,-0.7072646707296372,0.5589982390403747,-1.7582496643066403,0.6985985606908798,-0.3361229062080383,-0.0282634519506245,0.9378411412239076,0.0676358122378587,-0.2577972412109441,0.0210505723953646,0.3836095333099365,0.4626649092166095,0.3987390495910832,0.4176505574352118,0.4882336551382287,10,10,10,-10,0.21396400711683156,-1.6978412736902193,0.5100576096187259,-1.0969171055119253,-1.6263702475477455,0.05426866553027715
1651821087.219298,0.1861470859497785,-1.696268630027771,0.5174827933311462,-0.655908465385437,0.0206387376005295,-0.0159861277788877,0.753757506608963,0.1208065472543239,-2.484261453151704,0.0407491650432347,-0.0005063719174358,0.0093876319006084,0.7068865537643433,-0.7072470188140869,0.5564202666282654,-1.7580391585826871,0.7024346560239791,-0.3329485699534416,-0.0292949689552187,0.9391333639621736,0.0675559952855109,-0.257797241210933,0.0210505723953202,0.3836095333099365,0.4626649092166013,0.4184794117292577,0.4427753300482997,0.4412368579285179,10,10,10,-10,0.18546660639515483,-1.6962875565358946,0.5175862218567069,-1.0969171055119253,-1.6263702475477455,0.05426866553027715
1651821087.229298,0.1601418025791645,-1.694784700870514,0.5235323876142501,-0.6535893112421036,0.0228996838792226,-0.013403726555407,0.7557705193758011,0.1206989366561174,-2.484252631664277,0.0409226596355437,0.0001176118094008,0.0090313438326119,0.7069736659526825,-0.707167512178421,0.5545656353235244,-1.7578633785247804,0.7052202165126801,-0.3308215662837028,-0.030561022600159,0.9400306642055511,0.0675635159015655,-0.185463130474095,0.0175780057906749,0.2785560488700933,0.3351104764326923,0.4388160737497965,0.4668955523326321,0.3675787130097547,10,10,10,-10,0.1569685262418513,-1.694733802338031,0.5243400057343686,-1.0969171055119253,-1.6263702475477455,0.05426866553027715
1651821087.239298,0.1286595657467842,-1.6930032193660736,0.5287582010030747,-0.651079797744751,0.0259301531303208,-0.0100252571515738,0.7578693062067032,0.1205913260579109,-2.48424381017685,0.0410961542278527,0.0007415955362375,0.0086750557646154,0.7070607781410218,-0.7070880055427551,0.5528313994407654,-1.7576939523220063,0.7078509122133255,-0.3288648128509521,-0.0315108475275337,0.9408487796783448,0.0676911875605582,-0.1734235882759005,0.0169426202774047,0.2630695700645447,0.3155445959706769,0.4649525079385297,0.4840512647076562,0.2701184546896646,10,10,10,-10,0.1284711255201746,-1.6931800851837064,0.5303186392135706,-1.0969171055119253,-1.6263702475477455,0.05426866553027715
1651821087.249298,0.0962312184274196,-1.6912012338638305,0.5337815016508103,-0.6489717900753021,0.0292143235914408,-0.0061360660009085,0.7595974087715149,0.1204837154597043,-2.484234988689423,0.0412696488201617,0.0013655792630743,0.0083187676966189,0.707147890329361,-0.7070084989070893,0.5529600352048873,-1.7575112581253052,0.7072703450918197,-0.3300191819667816,-0.0282106620725243,0.9403934359550477,0.0690206620842217,0.012863576412192,0.0182694196701138,-0.0580567121505781,0.0622079184584256,0.4930482838333404,0.495632501962636,0.1632827267126235,10,10,10,10,0.09997372479849786,-1.6916263680293817,0.5355222925518752,-1.0969171055119253,-1.6263702475477455,0.05426866553027715
1651821087.259298,0.0698069036006927,-1.689730429649353,0.5359864816069603,-0.6473013460636139,0.0319951117970049,-0.0028673304244875,0.7608971774578095,0.1202893193811178,-2.484223115444184,0.0414322422817349,0.0022240198857616,0.0077146061870734,0.707315769791603,-0.7068474620580674,0.5530886709690094,-1.757328563928604,0.7066897779703141,-0.331173551082611,-0.024910476617515,0.9399380922317504,0.0703501366078853,0.0128635764122031,0.0182694196701138,-0.058056712150567,0.0622079184584176,0.5169820014449191,0.4999411177728086,0.0632486958955205,10,10,10,10,0.07147632407682103,-1.690072650875057,0.5399509657492824,-1.0969171055119253,-1.6263702475477455,0.05426866553027715
1651821087.269298,0.0433825887739658,-1.6882596254348754,0.5381914615631104,-0.6456309020519256,0.0347759000025689,0.0004014051519334,0.762196946144104,0.1201342280954122,-2.4842257142066955,0.0414982562884688,0.0026559425445156,0.00740553321084,0.7074581444263458,-0.706704506278038,0.5532173067331314,-1.7571458697319031,0.7061092108488083,-0.3323279201984405,-0.0216102911625057,0.9394827485084534,0.0716796111315488,0.0128635764122031,0.0182694196700916,-0.0580567121505781,0.0622079184584214,0.5411775353939094,0.4987428653068964,-0.0241958044706156,10,10,10,10,0.042978923355144305,-1.6885189337207323,0.543604658805792,-1.0969171055119253,-1.6263702475477455,0.05426866553027715
1651821087.279298,0.0169582739472389,-1.686788821220398,0.5403964415192604,-0.6439604580402374,0.0375566882081329,0.0036701407283544,0.7634967148303986,0.1199791368097066,-2.484228312969208,0.0415642702952026,0.0030878652032697,0.0070964602346065,0.7076005190610886,-0.7065615504980087,0.5533459424972534,-1.756963175535202,0.7055286437273025,-0.33348228931427,-0.0183101057074963,0.9390274047851562,0.0730090856552123,0.0128635764122031,0.0182694196701138,-0.0580567121505781,0.0622079184584279,0.5656012864042104,0.492270281601368,-0.0928422560962212,10,10,10,10,0.01448152263346758,-1.6869652165664077,0.5464833717214044,-1.0969171055119253,-1.6263702475477455,0.05426866553027715
1651821087.289298,-0.0118496879935264,-1.685506248474121,0.542483389377594,-0.6453344702720643,0.0451458091847598,0.0143752151168882,0.7600824117660523,0.1198240455240011,-2.48423091173172,0.0416302843019365,0.0035197878620237,0.0067873872583731,0.7077428936958313,-0.7064185947179794,0.5540364801883697,-1.7568021953105926,0.704258531332016,-0.3352680206298827,-0.0139781129546463,0.938257485628128,0.0747605621814727,0.0690537691116266,0.0160980224609419,-0.1270112395286515,0.1454627936012482,0.5928587217282644,0.4837011665553508,-0.1461440174134858,10,10,10,10,-0.014015878088209144,-1.685411499412083,0.5485871044961192,-1.0969171055119253,-1.6263702475477455,0.05426866553027715
1651821087.299298,-0.0347042798995971,-1.684560877084732,0.5426125913858414,-0.647287979722023,0.0522000029683112,0.0245089874602854,0.7561438024044037,0.1197224706411361,-2.484255790710449,0.0419582081958651,0.0038960561039857,0.0070469795493408,0.707839983701706,-0.7063156217336655,0.5556381493806839,-1.7567284822463989,0.7015176892280579,-0.3383167639374732,-0.0097790478728711,0.937053632736206,0.07636059243232,0.1601669192314192,0.0073713064193681,-0.2740842103958085,0.317537293184133,0.6155998514973491,0.4778890314831292,-0.1927863946581847,10,10,10,10,-0.04251327880988587,-1.6838577822577583,0.5499158571299365,-1.0969171055119253,-1.6263702475477455,0.05426866553027715
1651821087.309298,-0.0575588718056678,-1.683615505695343,0.5427417933940888,-0.6492414891719818,0.0592541967518627,0.0346427598036825,0.7522051930427551,0.1196736589074134,-2.484248077869416,0.0416732801124453,0.0038072821085734,0.0066702167561742,0.7078714042901992,-0.7062868446111679,0.5572398185729981,-1.7566547691822052,0.6987768471240997,-0.3413655072450637,-0.0055799827910959,0.935849779844284,0.0779606226831674,0.1601669192314192,0.0073713064193681,-0.2740842103958196,0.3175372931841426,0.6384818726436587,0.4684641526652693,-0.2409646466791497,10,10,10,10,-0.07101067953156259,-1.6823040651034336,0.5504696296228565,-1.0969171055119253,-1.6263702475477455,0.05426866553027715
1651821087.319298,-0.0804134637117385,-1.682670134305954,0.5428709954023361,-0.6511949986219406,0.0663083905354141,0.0447765321470796,0.7482665836811065,0.1196308366954326,-2.4842402577400207,0.0413888711482286,0.003715644197291,0.0062964301439932,0.7078977316617966,-0.706263130903244,0.5588414877653122,-1.7565810561180115,0.6960360050201416,-0.3444142505526542,-0.0013809177093207,0.934645926952362,0.0795606529340147,0.1601669192314081,0.0073713064193681,-0.2740842103958085,0.3175372931841274,0.6614901643427943,0.4554711429500266,-0.2909651108610496,10,10,10,10,-0.09950808025323932,-1.680750347949109,0.550248421974879,-1.0969171055119253,-1.6263702475477455,0.05426866553027715
1651821087.329298,-0.1032680556178093,-1.681724762916565,0.5430001974105835,-0.6531485080718994,0.0733625843189656,0.0549103044904768,0.744327974319458,0.1195880144834518,-2.4842324376106264,0.0411044621840119,0.0036240062860087,0.0059226435318122,0.7079240590333938,-0.7062394171953201,0.5608798533678054,-1.7565570533275603,0.6928276807069779,-0.3478483408689498,0.0026951361447572,0.9332853525876998,0.0811886604875325,0.2038365602493264,0.0024002790451227,-0.3208324313163757,0.3801165000603744,0.6849383851479279,0.4386184221317979,-0.3425556065727146,10,10,10,10,-0.12800548097491615,-1.6791966307947843,0.5492522341860041,-1.0969171055119253,-1.6263702475477455,0.05426866553027715
1651821087.339298,-0.127082385122776,-1.6809993386268616,0.5431037098169327,-0.6553790867328644,0.0855732839554547,0.0752488234080374,0.7333988040685654,0.119545192271471,-2.4842246174812312,0.0408200532197951,0.0035323683747264,0.0055488569196312,0.7079503864049912,-0.7062157034873963,0.5630966365337372,-1.756652569770813,0.6895927786827087,-0.3511731430888175,0.0061035693623125,0.9319444894790648,0.0825805634260177,0.2216783165931768,-0.0095516443252785,-0.3234902024269126,0.3922734008610656,0.7095981543200518,0.4193153188311451,-0.3930666580376281,10,10,10,10,-0.15650288169659288,-1.6776429136404596,0.5474810662562317,-1.0969171055119253,-1.6263702475477455,0.05426866553027715
1651821087.349298,-0.1438250012695789,-1.6806910634040833,0.5419670611619949,-0.6585339456796646,0.0971334606409072,0.0949187695048749,0.7216909259557724,0.1195022486150264,-2.484235250949859,0.0407630117610096,0.0037972519108734,0.005204856925411,0.7079912960529328,-0.7061754882335662,0.5653134196996689,-1.7567480862140656,0.6863578766584396,-0.3544979453086853,0.0095120025798678,0.93060362637043,0.0839724663645028,0.2216783165931657,-0.0095516443252563,-0.3234902024269126,0.3922734008610588,0.7276748438782287,0.3982338143546249,-0.4371647689993154,10,10,10,10,-0.1850002824182696,-1.6760891964861349,0.5449349181855618,-1.0969171055119253,-1.6263702475477455,0.05426866553027715
1651821087.359298,-0.1605676174163818,-1.680382788181305,0.5408304125070572,-0.6616888046264648,0.1086936373263597,0.1145887156017124,0.7099830478429794,0.1194595597684383,-2.4842462182044978,0.0407032085582613,0.0040599128165922,0.0048591507948003,0.708032363653183,-0.70613514482975,0.5675302028656006,-1.7568436026573182,0.6831229746341705,-0.357822747528553,0.0129204357974231,0.929262763261795,0.085364369302988,0.2216783165931768,-0.0095516443252563,-0.3234902024269126,0.392273400861065,0.7458014918773008,0.3751919661264997,-0.4817452703296347,10,10,10,10,-0.21349768313994633,-1.6745354793318104,0.5416137899739946,-1.0969171055119253,-1.6263702475477455,0.05426866553027715
1651821087.369298,-0.1773102335631847,-1.6800745129585266,0.5396937638521194,-0.6648436635732651,0.1202538140118121,0.1342586616985499,0.6982751697301864,0.1194168709218502,-2.4842571854591364,0.040643405355513,0.004322573722311,0.0045134446641895,0.7080734312534332,-0.7060948014259338,0.5697469860315323,-1.7569391191005708,0.6798880726099015,-0.3611475497484206,0.0163288690149783,0.92792190015316,0.0867562722414731,0.2216783165931657,-0.0095516443252563,-0.3234902024269015,0.3922734008610496,0.7639745422682832,0.3502287877687915,-0.5275820934312652,10,10,10,10,-0.24199508386162305,-1.6729817621774856,0.5375176816215298,-1.0969171055119253,-1.6263702475477455,0.05426866553027715
1651821087.379298,-0.1937953174114227,-1.679686975479126,0.5376555055379868,-0.6669064521789551,0.130794159695506,0.1636194200254976,0.6783756598830223,0.119374182075262,-2.484268152713775,0.0405836021527647,0.0045852346280298,0.0041677385335787,0.7081144988536835,-0.7060544580221176,0.5722823888063431,-1.757126408815384,0.6763576179742813,-0.3647052705287933,0.0201487369835376,0.9264570951461792,0.0882623348385095,0.2535402774810791,-0.0187289714813188,-0.3530454635620184,0.4350569457205012,0.7823747144390626,0.3237215229426788,-0.5763293386525259,10,10,10,10,-0.2704924845832998,-1.671428045023161,0.5326465931281676,-1.0969171055119253,-1.6263702475477455,0.05426866553027715
1651821087.389298,-0.2102804012596607,-1.6792994379997253,0.5356172472238541,-0.668969240784645,0.1413345053791999,0.1929801783524453,0.6584761500358581,0.1193426925688981,-2.484273302555084,0.040434649772942,0.0045824485183402,0.0039690317586063,0.7081378877162934,-0.7060328930616379,0.574443343281746,-1.757330685853958,0.6736996382474899,-0.3671724811196327,0.0215506598819046,0.9253877490758896,0.0890339624136686,0.2160954475402876,-0.0204277038573952,-0.2657979726791382,0.3431662801221334,0.8005916422244113,0.2955619907409534,-0.6272075115929034,10,10,10,10,-0.2989898853049765,-1.6698743278688362,0.527000524493908,-1.0969171055119253,-1.6263702475477455,0.05426866553027715
1651821087.399298,-0.2197893176227807,-1.6793102979660035,0.5335456222295761,-0.6714098423719406,0.1513027371838688,0.2216188658960163,0.6382949754595757,0.1193112030625343,-2.484278452396393,0.0402856973931193,0.0045796624086505,0.0037703249836339,0.7081612765789032,-0.7060113281011582,0.5766042977571487,-1.7575349628925323,0.6710416585206985,-0.369639691710472,0.0229525827802717,0.9243184030056,0.0898055899888276,0.2160954475402765,-0.0204277038574396,-0.2657979726791382,0.3431662801221291,0.8119526148837457,0.260381126485536,-0.6662254160803376,10,10,10,10,-0.32748728602665333,-1.6683206107145117,0.5205794757187511,-1.0969171055119253,-1.6263702475477455,0.05426866553027715
1651821087.409298,-0.2292982339859008,-1.6793211579322815,0.5314739972352982,-0.6738504439592361,0.1612709689885377,0.2502575534395873,0.6181138008832932,0.1193031091243028,-2.484284150600433,0.0401360068470239,0.0044911603727086,0.003654057625681,0.7081634938716889,-0.7060103982686996,0.5787652522325516,-1.7577392399311065,0.6683836787939071,-0.3721069023013114,0.0243545056786387,0.9232490569353105,0.0905772175639867,0.2160954475402876,-0.0204277038574174,-0.2657979726791382,0.3431662801221347,0.8233226914450816,0.2241127878436342,-0.6840424925530386,10,10,10,10,-0.35598468674833006,-1.666766893560187,0.5133834468026965,-1.0969171055119253,-1.6263702475477455,0.05426866553027715
1651821087.419298,-0.2388071503490209,-1.6793320178985596,0.5294023722410202,-0.6762910455465316,0.1712392007932066,0.2788962409831583,0.5979326263070106,0.1192950151860713,-2.4842898488044733,0.0399863163009285,0.0044026583367667,0.0035377902677282,0.7081657111644745,-0.7060094684362411,0.5811485081911087,-1.7579427480697631,0.6656268328428269,-0.3746978536248207,0.0260484237223863,0.9220911234617232,0.0915680471807718,0.2383255958557151,-0.020350813865666,-0.2756845951080278,0.3649866315974516,0.8349036067333047,0.1865846433584117,-0.6760465481750404,10,10,10,10,-0.3844820874700068,-1.6652131764058622,0.5054124377457446,-1.0969171055119253,-1.6263702475477455,0.05426866553027715
1651821087.429298,-0.2471931993961333,-1.6786350846290587,0.5256609648466111,-0.6756641238927841,0.1797682933509349,0.3125346823595464,0.5753206714987755,0.1192869212478399,-2.484295547008514,0.0398366257548331,0.0043141563008247,0.0034215229097753,0.7081679284572602,-0.7060085386037827,0.5828347533941269,-1.7581121444702148,0.663916853070259,-0.3762492537498474,0.0280286845285445,0.921317657828331,0.0925140298902988,0.1686245203018188,-0.016939640045166,-0.1709979772567815,0.2407519231029922,0.8452086701416963,0.1490900219121096,-0.638137397091505,10,10,10,10,-0.4129794881916836,-1.6636594592515375,0.49666644854789527,-1.0969171055119253,-1.6263702475477455,0.05426866553027715
1651821087.439298,-0.2498339712619781,-1.6780711591243744,0.5223952457308769,-0.6748030424118042,0.1873827084898948,0.3457990296185016,0.5526307180523873,0.119202659651637,-2.484310054779052,0.0397508734837174,0.0041284336657554,0.0034964602440594,0.7082521259784699,-0.7059236526489258,0.5844006031751633,-1.7582751870155335,0.6623617380857467,-0.377630403637886,0.0296927166171371,0.9206233769655228,0.0933398615568875,0.1565849781036354,-0.0163042545318736,-0.1555114984512329,0.221288296649651,0.849688548974511,0.1186913983844304,-0.5759937661230241,10,10,10,10,-0.44147688891336034,-1.662105742097213,0.4871454792091484,-1.0969171055119253,-1.6263702475477455,0.05426866553027715
1651821087.449298,-0.2515286326408386,-1.6775277376174926,0.5193320393562317,-0.6735404551029205,0.1947434224188327,0.3785526551306247,0.5303114488720894,0.1191183980554342,-2.484324562549591,0.0396651212126016,0.003942711030686,0.0035713975783436,0.7083363234996796,-0.7058387666940689,0.5859664529561996,-1.758438229560852,0.6608066231012344,-0.3790115535259247,0.0313567487057298,0.9199290961027146,0.0941656932234763,0.1565849781036354,-0.0163042545318514,-0.1555114984512329,0.2212882966496493,0.853205475809625,0.0914848717299694,-0.5062739344022256,10,10,10,10,-0.46997428963503707,-1.6605520249428882,0.4768495297295041,-1.0969171055119253,-1.6263702475477455,0.05426866553027715
1651821087.459298,-0.2532232940196991,-1.676984316110611,0.5162688329815864,-0.6722778677940369,0.2021041363477707,0.4113062806427479,0.5079921796917916,0.1191209219396114,-2.4843421220779414,0.0395902700722217,0.003522531499766,0.0038942083541768,0.7083397537469864,-0.7058354109525681,0.587532302737236,-1.7586012721061706,0.6592515081167221,-0.3803927034139633,0.0330207807943224,0.9192348152399064,0.0949915248900651,0.1565849781036354,-0.0163042545318514,-0.1555114984512329,0.2212882966496493,0.8567236114248813,0.0684645878112526,-0.4363863233098222,10,10,10,10,-0.4984716903567138,-1.6589983077885635,0.46577860010896244,-1.0969171055119253,-1.6263702475477455,0.05426866553027715
1651821087.469298,-0.2549179553985595,-1.6764408946037292,0.5132056266069412,-0.6710152804851532,0.2094648502767086,0.444059906154871,0.4856729105114937,0.1191234458237886,-2.4843596816062927,0.0395154189318418,0.003102351968846,0.00421701913001,0.7083431839942932,-0.7058320552110672,0.5890981525182724,-1.7587643146514893,0.6576963931322097,-0.381773853302002,0.0346848128829151,0.918540534377098,0.0958173565566539,0.1565849781036354,-0.0163042545318736,-0.1555114984512329,0.221288296649651,0.860242940989635,0.0498622934113779,-0.3751103288622053,10,10,10,10,-0.5269690910783905,-1.6574445906342388,0.45393269034752326,-1.0969171055119253,-1.6263702475477455,0.05426866553027715
1651821087.479298,-0.25661261677742,-1.6758974730968474,0.510142420232296,-0.6697526931762695,0.2168255642056465,0.4768135316669941,0.4633536413311958,0.1192548640072345,-2.484341585636139,0.0395764350891113,0.0031834846005949,0.0042238109803292,0.7082387775182724,-0.7059357434511184,0.5908091723918915,-1.758983325958252,0.6561159670352936,-0.3833083182573318,0.0354837379418313,0.9178465962409972,0.096343234181404,0.1711019873619101,-0.0219011306762606,-0.158042609691611,0.2339508839099113,0.8639069533641172,0.0343630605240674,-0.3289044139752528,10,10,10,10,-0.555467171231694,-1.6558908364363751,0.4413114903007237,-1.0969171055119253,-1.6263702475477455,0.05426866553027715
1651821087.489298,-0.2544134959578513,-1.674218940734863,0.5053109094500541,-0.6633532285690308,0.218458293378353,0.5039956420660019,0.4460522785782814,0.1193862821906804,-2.484323489665985,0.0396374512463807,0.0032646172323438,0.0042306028306483,0.7081343710422516,-0.7060394316911698,0.5919582903385162,-1.759180623292923,0.6552250862121582,-0.3842114210128784,0.0352508557029068,0.9174672335386276,0.0964471098035573,0.1149117946624755,-0.0197297334671109,-0.0890880823135376,0.1467333273170681,0.8637348832459297,0.0195149753496624,-0.2929061399179504,10,10,10,10,-0.5839645719533707,-1.6543371192820506,0.4279156017805056,-1.0969171055119253,-1.6263702475477455,0.05426866553027715
1651821087.499298,-0.2522143751382827,-1.672540408372879,0.5004793986678122,-0.656953763961792,0.2200910225510596,0.5311777524650096,0.4287509158253669,0.1194641839712858,-2.484283113479614,0.0394365575164556,0.0034014042808848,0.0036687294137663,0.7080752491950989,-0.7061031371355057,0.593107408285141,-1.759377920627594,0.6543342053890229,-0.3851145237684249,0.0350179734639823,0.917087870836258,0.0965509854257106,0.1149117946624755,-0.0197297334670887,-0.0890880823135376,0.1467333273170651,0.8635861118707077,0.0057242827899912,-0.2678331434973726,10,10,10,10,-0.6124619726750474,-1.652783402127726,0.4137447331193901,-1.0969171055119253,-1.6263702475477455,0.05426866553027715
1651821087.5092978,-0.2500152543187141,-1.6708618760108949,0.4956478878855704,-0.6505542993545532,0.2217237517237663,0.5583598628640175,0.4114495530724525,0.1195279885083436,-2.4842689037323,0.0397745814174413,0.0038965702764471,0.0037207011540885,0.7080462962388993,-0.7061285018920899,0.5942565262317657,-1.759575217962265,0.6534433245658875,-0.3860176265239715,0.0347850912250578,0.9167085081338884,0.0966548610478639,0.1149117946624755,-0.0197297334671109,-0.0890880823135376,0.1467333273170681,0.8634606512813368,-0.0069817676881642,-0.2513522590657375,10,10,10,10,-0.6409586939650974,-1.6512297220169403,0.3987992498927923,-1.0969171055119253,-1.6263702475477455,0.05426866553027715
1651821087.5192978,-0.2478161334991454,-1.6691833436489103,0.4908163771033286,-0.6441548347473145,0.2233564808964729,0.5855419732630253,0.394148190319538,0.1195917930454015,-2.484254693984985,0.040112605318427,0.0043917362720094,0.0037726728944107,0.7080173432826996,-0.706153866648674,0.5954857587814331,-1.759838229417801,0.6525435626506806,-0.3869538635015487,0.0347620898857712,0.9163003414869308,0.0968347467482089,0.1229232549667336,-0.0263011455535977,-0.0899761915206909,0.1545884598203119,0.8634419913247459,-0.0186587530897117,-0.2408952754220612,10,10,10,10,-0.6694560946867741,-1.6496760048626156,0.3830784394268659,-1.0969171055119253,-1.6263702475477455,0.05426866553027715
1651821087.5292978,-0.2456170126795768,-1.6675048112869262,0.4859848663210868,-0.6377553701400757,0.2249892100691795,0.6127240836620331,0.3768468275666236,0.1196071963757276,-2.484276282787323,0.0401203274726867,0.0039376372978949,0.0042753469140733,0.7080276638269425,-0.7061363279819488,0.5962782949209213,-1.760051530599594,0.6521112829446792,-0.3875047534704208,0.0348620997741818,0.9160488963127136,0.0969866551458835,0.0792536139488264,-0.0213301181793079,-0.0432279706001348,0.0927618817602305,0.8631052024611313,-0.0288150884533981,-0.2356476370272124,10,10,10,10,-0.6979534954084509,-1.6481222877082908,0.3665826488200421,-1.0969171055119253,-1.6263702475477455,0.05426866553027715
1651821087.5392978,-0.2403416119515895,-1.6644714891910553,0.4792758613824843,-0.6270323693752289,0.2210134752094745,0.6326167792081833,0.3665942698717117,0.1196225997060537,-2.4842978715896606,0.0401280496269464,0.0034835383237804,0.004778020933736,0.7080379843711853,-0.7061187893152236,0.5970708310604096,-1.7602648317813874,0.651679003238678,-0.3880556434392929,0.0349621096625923,0.9157974511384964,0.097138563543558,0.0792536139488264,-0.0213301181793301,-0.0432279706001237,0.0927618817602304,0.8603248267473399,-0.0411726171697379,-0.2342206754658251,10,10,10,10,-0.7264508961301276,-1.646568570553966,0.34931187807232084,-1.0969171055119253,-1.6263702475477455,0.05426866553027715
1651821087.5492978,-0.2350662112236022,-1.6614381670951843,0.4725668564438819,-0.6163093686103821,0.2170377403497695,0.6525094747543335,0.3563417121767997,0.1196381244808435,-2.484301006793976,0.0399084042757749,0.0026729179022367,0.0052509083354379,0.7080337226390838,-0.7061177521944046,0.5978633671998977,-1.7604781329631805,0.6512467235326767,-0.3886065334081649,0.0350621195510029,0.9155460059642792,0.0972904719412326,0.0792536139488153,-0.0213301181793079,-0.0432279706001348,0.092761881760221,0.8576171012490087,-0.0532411882777905,-0.2328766229078063,10,10,10,10,-0.7549482968518043,-1.6450148533996416,0.33126612718370213,-1.0969171055119253,-1.6263702475477455,0.05426866553027715
1651821087.5592978,-0.2297908104956149,-1.6584048449993134,0.4658578515052795,-0.6055863678455353,0.2130620054900645,0.6724021703004837,0.3460891544818877,0.1196536492556333,-2.484304141998291,0.0396887589246034,0.001862297480693,0.0057237957371398,0.7080294609069824,-0.7061167150735855,0.598655903339386,-1.7606914341449738,0.6508144438266754,-0.389157423377037,0.0351621294394135,0.915294560790062,0.0974423803389072,0.0792536139488264,-0.0213301181793301,-0.0432279706001237,0.0927618817602304,0.8549827162148999,-0.0650458305455776,-0.2302132162764865,10,10,10,10,-0.783445697573481,-1.6434611362453169,0.312445396154186,-1.0969171055119253,-1.6263702475477455,0.05426866553027715
1651821087.5692978,-0.2245154097676276,-1.6553715229034425,0.459148846566677,-0.5948633670806884,0.2090862706303596,0.6922948658466339,0.3358365967869758,0.1196691740304231,-2.484307277202606,0.0394691135734319,0.0010516770591493,0.0061966831388417,0.7080251991748809,-0.7061156779527664,0.5994999676942825,-1.761024272441864,0.6503685176372528,-0.3897857546806335,0.0350438449531793,0.9150329142808914,0.0974386069923638,0.0844064354896478,-0.0332838296890347,-0.0445926189422629,0.1010977810585703,0.8524839050580731,-0.0765892636723286,-0.2248902393408949,10,10,10,10,-0.811943098295158,-1.6419074190909921,0.2928496849837724,-1.0969171055119253,-1.6263702475477455,0.05426866553027715
1651821087.5792978,-0.2166750561445951,-1.651770955324173,0.4527533054351805,-0.5782000064849854,0.2089876405894755,0.7062432259321213,0.3313049048185348,0.1197140295058488,-2.484309339523316,0.0393276844173669,0.0003721638757269,0.0066584839834831,0.7079952150583267,-0.7061420142650604,0.6000254124402999,-1.7612653374671936,0.6502181440591812,-0.3901811674237251,0.0345141257159411,0.9148952096700668,0.0973206739872693,0.0525444746017456,-0.0241065025329501,-0.0150373578071572,0.0597341393623871,0.8473376172462024,-0.0880757194114112,-0.2122879439660678,10,10,10,10,-0.8404404990168347,-1.6403537019366674,0.2724789936724613,-1.0969171055119253,-1.6263702475477455,0.05426866553027715
1651821087.5892978,-0.2088347025215625,-1.6481703877449037,0.4463577643036841,-0.5615366458892822,0.2088890105485915,0.7201915860176087,0.3267732128500938,0.1197476856410503,-2.484317219257355,0.0392754044383764,-4.1902292286969455e-05,0.0069732854724861,0.7079829096794128,-0.706149572134018,0.6005508571863174,-1.761506402492523,0.6500677704811096,-0.3905765801668167,0.0339844064787029,0.9147575050592422,0.0972027409821748,0.0525444746017456,-0.0241065025329501,-0.0150373578071572,0.0597341393623871,0.8422872450175874,-0.0987940356795009,-0.1948243740229287,10,10,10,10,-0.8689378997385114,-1.638799984782343,0.25133332222025295,-1.0969171055119253,-1.6263702475477455,0.05426866553027715
1651821087.5992978,-0.2009943488985299,-1.6445698201656342,0.4399622231721877,-0.5448732852935791,0.2087903805077075,0.734139946103096,0.3222415208816528,0.1197813417762517,-2.484325098991394,0.0392231244593858,-0.0004559684603009,0.0072880869614891,0.707970604300499,-0.7061571300029754,0.6010763019323349,-1.7617474675178528,0.6499173969030381,-0.3909719929099082,0.0334546872414648,0.9146198004484176,0.0970848079770803,0.0525444746017456,-0.0241065025329723,-0.0150373578071572,0.0597341393623961,0.8373345239147849,-0.1086418445038841,-0.1739594554373833,10,10,10,10,-0.8974353004601882,-1.6372462676280182,0.22941267062714704,-1.0969171055119253,-1.6263702475477455,0.05426866553027715
1651821087.6092978,-0.1931539952754973,-1.6409692525863648,0.4335666820406912,-0.528209924697876,0.2086917504668235,0.7480883061885834,0.3177098289132117,0.1198149979114532,-2.4843329787254333,0.0391708444803952,-0.0008700346283148,0.0076028884504921,0.7079582989215851,-0.706164687871933,0.6016017466783523,-1.7619885325431823,0.6497670233249664,-0.3913674056529998,0.0329249680042266,0.9144820958375932,0.0969668749719857,0.0525444746017456,-0.0241065025329501,-0.0150373578071683,0.0597341393623899,0.8324811968214763,-0.1176533641926029,-0.1507303239141406,10,10,10,10,-0.9259327011818649,-1.6356925504736934,0.20671703889314366,-1.0969171055119253,-1.6263702475477455,0.05426866553027715
1651821087.6192975,-0.1826388111338019,-1.63701052069664,0.426585467159748,-0.5044630713760853,0.2120471835136413,0.764405682682991,0.3085142619907856,0.1197659362107515,-2.484326219558716,0.0391411617398261,-0.0010020684712799,0.0076458110124803,0.7080118149518967,-0.7061107933521271,0.6019204646348953,-1.7622832775115966,0.6496948748826981,-0.3916587129235267,0.0328364193439483,0.914367288351059,0.0969135221093892,0.0318717956543035,-0.0294744968414306,-0.0072148442268327,0.0440069460369911,0.8252298641040613,-0.1232475992555146,-0.1287437044648878,10,10,10,10,-0.9544294224719149,-1.6341388703629078,0.18324699584004153,-1.0969171055119253,-1.6263702475477455,0.05426866553027715
1651821087.6292975,-0.173246494308114,-1.633759582042694,0.4212740346789359,-0.4837837412953377,0.2168417558073997,0.7757233053445816,0.301749475300312,0.1197168745100498,-2.4843194603919985,0.039111478999257,-0.0011341023142449,0.0076887335744685,0.7080653309822083,-0.7060568988323211,0.6022128522396087,-1.7625774085521697,0.6496263951063156,-0.3919422388076782,0.0326960645616054,0.9142629355192184,0.0968176785856484,0.0292387604713395,-0.0294131040573075,-0.0068479776382468,0.0420348736398755,0.818581719248361,-0.1282335679780351,-0.1133812522570578,10,10,10,10,-0.9829268231935916,-1.632585153208583,0.1590014223012274,-1.0969171055119253,-1.6263702475477455,0.05426866553027715
1651821087.6392975,-0.1641225012019276,-1.6306731879711152,0.4163106948137283,-0.4635289303958416,0.2217814825475215,0.7866189539432524,0.2949769131839275,0.1197439804673194,-2.484303891658783,0.0390178579837083,-0.0011689155580824,0.0075404514442197,0.7080368667840957,-0.7060869604349136,0.6025052398443222,-1.762871539592743,0.6495579153299331,-0.3922257646918296,0.0325557097792624,0.914158582687378,0.0967218350619077,0.0292387604713506,-0.0294131040573297,-0.0068479776382468,0.0420348736398987,0.8121568588589808,-0.1333297733200491,-0.1031557429804559,10,10,10,10,-1.0114242239152684,-1.6310314360542584,0.13398086862151584,-1.0969171055119253,-1.6263702475477455,0.05426866553027715
1651821087.6492977,-0.1549985080957412,-1.627586793899536,0.4113473549485206,-0.4432741194963455,0.2267212092876434,0.7975146025419234,0.288204351067543,0.1197710864245891,-2.4842883229255674,0.0389242369681596,-0.00120372880192,0.0073921693139708,0.7080084025859833,-0.7061170220375061,0.6027976274490356,-1.763165670633316,0.6494894355535508,-0.3925092905759811,0.0324153549969195,0.9140542298555374,0.0966259915381669,0.0292387604713395,-0.0294131040573075,-0.0068479776382357,0.0420348736398736,0.8058214848326422,-0.1380202466276667,-0.0966230323931305,10,10,10,10,-1.039922304068572,-1.6294776818563947,0.10818471054815576,-1.0969171055119253,-1.6263702475477455,0.05426866553027715
1651821087.6592977,-0.1458745149895548,-1.6245003998279572,0.406384015083313,-0.4230193085968494,0.2316609360277652,0.8084102511405945,0.2814317889511585,0.1197981923818588,-2.4842727541923524,0.0388306159526109,-0.0012385420457576,0.007243887183722,0.7079799383878708,-0.7061470836400986,0.6031741470098495,-1.7634630978107453,0.6493413746356964,-0.3929068267345428,0.0315538248047232,0.9139512598514556,0.0963058646768331,0.0376519560813859,-0.0297427177429199,-0.0148060917854353,0.0502147329919054,0.7996329208045524,-0.1423250803265361,-0.0925530937659551,10,10,10,10,-1.0684197047902484,-1.62792396470207,0.08161417810966529,-1.0969171055119253,-1.6263702475477455,0.05426866553027715
1651821087.6692977,-0.1340412873891181,-1.6209845066070556,0.4001423791050911,-0.3956158481538295,0.2404502674937247,0.819729408621788,0.2685314442962407,0.1197977349162101,-2.4842559456825257,0.0387111760675906,-0.001222869567573,0.0070136197376995,0.7079723864793778,-0.7061566710472107,0.6035506665706635,-1.7637605249881745,0.6491933137178421,-0.3933043628931045,0.0306922946125268,0.913848289847374,0.0959857378154992,0.037651956081397,-0.0297427177429199,-0.0148060917854353,0.0502147329919137,0.7914879973836993,-0.1480429956143085,-0.0839700571349291,10,10,10,10,-1.0969171055119253,-1.6263702475477455,0.05426866553027715,-1.0969171055119253,-1.6263702475477455,0.05426866553027715
1651821087.6792977,-0.1222080597886815,-1.6174686133861542,0.3939007431268692,-0.3682123877108096,0.2492395989596843,0.8310485661029816,0.255631099641323,0.1196683831512927,-2.4842747926712034,0.038455868884921,-0.0017085092520573,0.0070993712171911,0.7080726712942124,-0.7060592144727706,0.6037820160388947,-1.7640019834041596,0.6490705639123917,-0.393548583984375,0.0306958714500069,0.9137449771165848,0.095965564996004,0.0231349468231223,-0.0241458415985107,-0.012274980545035,0.0356219395652462,0.7833551277477407,-0.1525437963419813,-0.0676280871593535,10,10,10,10,-1.1254145062336018,-1.6248165303934208,0.026148172809991765,-1.0969171055119253,-1.6263702475477455,0.05426866553027715
1651821087.6892977,-0.1118849672726354,-1.6148995995521545,0.3895454436540603,-0.3429013483226298,0.2589485824108123,0.8405028998851776,0.2424269203096627,0.1195390313863753,-2.484293639659882,0.0382005617022514,-0.0021941489365417,0.0071851226966827,0.708172956109047,-0.7059617578983307,0.6040133655071258,-1.7642434418201447,0.6489478141069412,-0.3937928050756454,0.0306994482874869,0.9136416643857956,0.0959453921765088,0.0231349468231112,-0.0241458415985107,-0.0122749805450461,0.0356219395652429,0.7759533464692202,-0.1561754648565063,-0.0434638676846943,10,10,10,10,-1.1539119069552788,-1.623262813239096,-0.0027473000511912815,-1.0969171055119253,-1.6263702475477455,0.05426866553027715
1651821087.6992977,-0.1015618747565894,-1.612330585718155,0.3851901441812514,-0.3175903089344501,0.2686575658619403,0.8499572336673736,0.2292227409780025,0.119409679621458,-2.48431248664856,0.0379452545195817,-0.002679788621026,0.0072708741761743,0.7082732409238816,-0.7058643013238907,0.6042865723371506,-1.764464122056961,0.6487891346216201,-0.3940684974193573,0.0305341966450213,0.9135312139987946,0.0959069896489381,0.0273206830024741,-0.0220680236816317,-0.0158679485321111,0.0385384117414362,0.7686683751168488,-0.1586220241344245,-0.0091987192706421,10,10,10,10,-1.1824093076769557,-1.6217090960847713,-0.03241775305327149,-1.0969171055119253,-1.6263702475477455,0.05426866553027715
1651821087.7092977,-0.0890182726550846,-1.6094423472881316,0.3789779618382453,-0.2880948822945356,0.2803297504782676,0.8586255311965942,0.2095945630222559,0.1193410109728574,-2.484348297119141,0.0377005234360694,-0.0033309206803096,0.007555566204246,0.7083286345005035,-0.7058099925518035,0.6045597791671753,-1.7646848022937776,0.6486304551362991,-0.3943441897630692,0.0303689450025557,0.9134207636117936,0.0958685871213674,0.0273206830024741,-0.0220680236816539,-0.0158679485321,0.0385384117414443,0.7601731387964181,-0.158537440054304,0.0347891278774272,10,10,10,10,-1.2109067083986322,-1.6201553789304468,-0.06286318619624942,-1.0969171055119253,-1.6263702475477455,0.05426866553027715
1651821087.7192976,-0.0764746705535798,-1.6065541088581086,0.3727657794952392,-0.258599455654621,0.2920019350945949,0.8672938287258148,0.1899663850665092,0.1192723423242568,-2.484384107589722,0.0374557923525571,-0.0039820527395931,0.0078402582323178,0.7083840280771255,-0.7057556837797165,0.6047528713941575,-1.764839768409729,0.6484806567430497,-0.3945867478847503,0.0299938124604522,0.9133391171693802,0.0957541745156049,0.0193092226982161,-0.0154966115951449,-0.0149798393249467,0.0289376335995413,0.7517606051554063,-0.1560112540026792,0.0841962898840602,10,10,10,10,-1.2394041091203092,-1.618601661776122,-0.09408359948012457,-1.0969171055119253,-1.6263702475477455,0.05426866553027715
1651821087.7292976,-0.063931068452075,-1.6036658704280853,0.366553597152233,-0.2291040290147065,0.3036741197109222,0.8759621262550354,0.1703382071107625,0.119252074882388,-2.484384119510651,0.0375413630157708,-0.0036839198292,0.007674247981049,0.7084001481533051,-0.7057442784309387,0.6049459636211395,-1.7649947345256805,0.6483308583498001,-0.3948293060064315,0.0296186799183487,0.9132574707269668,0.0956397619098424,0.019309222698205,-0.0154966115951449,-0.0149798393249578,0.0289376335995396,0.7435199468434551,-0.1512252684037793,0.1372033607334137,10,10,10,10,-1.2679015098419857,-1.6170479446217974,-0.12607899290489738,-1.0969171055119253,-1.6263702475477455,0.05426866553027715
1651821087.7392976,-0.0535040086600928,-1.6019124746322633,0.3622445985674857,-0.2036550693213939,0.3157982625067234,0.8817150920629502,0.1506517849862575,0.1192318074405192,-2.48438413143158,0.0376269336789846,-0.0033857869188068,0.0075082377297803,0.7084162682294846,-0.7057328730821609,0.6051390558481217,-1.765149700641632,0.6481810599565506,-0.3950718641281128,0.0292435473762452,0.9131758242845536,0.0955253493040799,0.0193092226982161,-0.0154966115951449,-0.0149798393249467,0.0289376335995413,0.736353677475509,-0.1425120939492119,0.1900931080471259,10,10,10,10,-1.2963989105636626,-1.6154942274674726,-0.15884936647056735,-1.0969171055119253,-1.6263702475477455,0.05426866553027715
1651821087.7492976,-0.0430769488681107,-1.600159078836441,0.3579355999827384,-0.1782061096280813,0.3279224053025246,0.8874680578708649,0.1309653628617524,0.1192115399986504,-2.484384143352509,0.0377125043421983,-0.0030876540084136,0.0073422274785115,0.708432388305664,-0.7057214677333832,0.6053487837314606,-1.7652932226657867,0.6480102837085724,-0.3953226938843727,0.0288313318975269,0.9130872249603272,0.0954522129148244,0.020972788333895,-0.0143522024154796,-0.0170776247978232,0.0306184394345709,0.7292931771888342,-0.1308465367141229,0.2376508781833441,10,10,10,10,-1.3248963112853391,-1.6139405103131481,-0.19239472017713488,-1.0969171055119253,-1.6263702475477455,0.05426866553027715
1651821087.7592976,-0.0328558054286986,-1.5986149668693543,0.3523973479866981,-0.1530255150981247,0.3321249343454838,0.8959339857101438,0.1087335612624883,0.1191225808113813,-2.484373736381531,0.0377607643604278,-0.002607683755923,0.006902891921345,0.7085031121969223,-0.7056574583053589,0.6055585116147995,-1.7654367446899415,0.6478395074605942,-0.3955735236406326,0.0284191164188086,0.9129986256361008,0.0953790765255689,0.0209727883338839,-0.0143522024154796,-0.0170776247978232,0.0306184394345633,0.7229719326197501,-0.1170985364360417,0.2767488454660478,10,10,10,10,-1.353393712007016,-1.6123867931588234,-0.22671505402460002,-1.0969171055119253,-1.6263702475477455,0.05426866553027715
1651821087.7692976,-0.0226346619892865,-1.5970708549022674,0.3468590959906578,-0.1278449205681681,0.336327463388443,0.9043999135494232,0.0865017596632242,0.119033621624112,-2.484363329410553,0.0378090243786573,-0.0021277135034324,0.0064635563641785,0.7085738360881806,-0.7055934488773346,0.6057167112827301,-1.765460729598999,0.6476823776960373,-0.3957469120621681,0.0282251953147351,0.9129202276468276,0.0954616218805312,0.0158199667930625,-0.0023984909057528,-0.015712976455684,0.0224259166380208,0.7167114098500207,-0.1016856552151237,0.3052367671859635,10,10,10,10,-1.3818911127286926,-1.6108330760044987,-0.2618103680129623,-1.0969171055119253,-1.6263702475477455,0.05426866553027715
1651821087.7792976,-0.0152360037434845,-1.596173250675201,0.3419089898467063,-0.1096967562101781,0.3376727186143398,0.9091193646192548,0.0667407240718603,0.1189153317362069,-2.4843539953231817,0.0377790682017802,-0.0017788504890631,0.0060353073640725,0.7086702823638916,-0.7055020660161972,0.6058749109506607,-1.7654847145080566,0.6475252479314804,-0.3959203004837036,0.0280312742106615,0.9128418296575548,0.0955441672354936,0.0158199667930625,-0.0023984909057528,-0.0157129764556951,0.0224259166380286,0.7126334523043114,-0.0846721501827727,0.3190732639319242,10,10,10,10,-1.4103885134503695,-1.609279358850174,-0.29768066214222233,-1.0969171055119253,-1.6263702475477455,0.05426866553027715
1651821087.7892976,-0.0078373454976826,-1.5952756464481357,0.3369588837027549,-0.0915485918521881,0.3390179738402367,0.9138388156890868,0.0469796884804964,0.1187970418483018,-2.4843446612358098,0.0377491120249032,-0.0014299874746939,0.0056070583639665,0.7087667286396027,-0.7054106831550598,0.606036102771759,-1.7654964327812197,0.6473789930343627,-0.3960973158478736,0.0277031231671571,0.9127672255039216,0.0956053253263234,0.0161191821098305,-0.0011718273163152,-0.0146254897117614,0.0217969300695759,0.7086440367825835,-0.0671788363926921,0.3187190809176217,10,10,10,10,-1.438885914172046,-1.6077256416958494,-0.3343259364123796,-1.0969171055119253,-1.6263702475477455,0.05426866553027715
1651821087.7992976,-0.0009226743597537,-1.5945310950279237,0.3304011508822441,-0.0729466057382524,0.3329981610178947,0.9197666734457014,0.0253649812191724,0.1186660606414079,-2.484338438510896,0.0376973113045096,-0.0013963827019324,0.0054987310199066,0.7088831514120102,-0.7052955240011215,0.6061972945928573,-1.7655081510543824,0.6472327381372451,-0.3962743312120437,0.0273749721236526,0.9126926213502884,0.0956664834171533,0.0161191821098305,-0.0011718273162708,-0.0146254897117614,0.0217969300695735,0.7058399712902476,-0.0503096658131569,0.3058606465023565,10,10,10,10,-1.467383314893723,-1.6061719245415247,-0.3717461908234345,-1.0969171055119253,-1.6263702475477455,0.05426866553027715
1651821087.8092976,0.0059138772543519,-1.5937882721424104,0.323581425845623,-0.0540621000342071,0.3259097322821617,0.9258030056953428,0.0037284348160028,0.118535079434514,-2.4843322157859804,0.0376455105841159,-0.0013627779291709,0.0053904036758466,0.7089995741844177,-0.7051803648471833,0.6063584864139557,-1.7655198693275451,0.6470864832401275,-0.3964513465762138,0.0270468210801481,0.9126180171966553,0.0957276415079831,0.0161191821098416,-0.0011718273162708,-0.0146254897117614,0.0217969300695817,0.7033356185352825,-0.0342850159285705,0.2834088920761197,10,10,10,10,-1.4958807156153995,-1.6046182073872,-0.4099414253753866,-1.0969171055119253,-1.6263702475477455,0.05426866553027715
1651821087.8192976,0.0100755983497947,-1.5934036135673524,0.3173473745584488,-0.0422610870562493,0.3153672404587269,0.929470321536064,-0.0132442366331815,0.1184868160635232,-2.484340631961823,0.0375711126253008,-0.0016112054814584,0.0055539552588015,0.7090501755475997,-0.7051266580820084,0.6065041035413742,-1.765478676557541,0.6469608694314957,-0.3966087266802787,0.0259855043143033,0.9126091033220292,0.095505017414689,0.0145617127418451,0.0041192770004139,-0.0125613808631852,0.0196672369735087,0.7028384203432276,-0.0212960402481563,0.2560171931213131,10,10,10,10,-1.5243781163370764,-1.6030644902328754,-0.44891164006823636,-1.0969171055119253,-1.6263702475477455,0.05426866553027715
1651821087.8292975,0.0142373194452375,-1.5930189549922944,0.3111133232712745,-0.0304600740782916,0.3048247486352921,0.9331376373767852,-0.0302169080823659,0.1184385526925324,-2.4843490481376653,0.0374967146664857,-0.0018596330337459,0.0057175068417563,0.7091007769107819,-0.7050729513168335,0.6066497206687927,-1.7654374837875366,0.6468352556228638,-0.3967661067843436,0.0249241875484585,0.912600189447403,0.0952823933213948,0.0145617127418562,0.0041192770004361,-0.0125613808631852,0.0196672369735216,0.7024171254014665,-0.0096930756405555,0.2299766638624718,10,10,10,10,-1.552875517058753,-1.6015107730785507,-0.4886568349019834,-1.0969171055119253,-1.6263702475477455,0.05426866553027715
1651821087.8392975,0.0183990405406802,-1.5926342964172364,0.3048792719841003,-0.0186590611003339,0.2942822568118572,0.9368049532175062,-0.0471895795315503,0.1183902893215417,-2.484357464313508,0.0374223167076706,-0.0021080605860333,0.0058810584247111,0.7091513782739639,-0.7050192445516587,0.6067567557096482,-1.7653968393802644,0.646751394867897,-0.3969112917780876,0.0241484968923031,0.9125792890787124,0.0951561998575925,0.0107035040855407,0.004064440727225,-0.0083860754966802,0.014191932228218,0.7020600014635319,0.0004996000930086,0.2073395912371034,10,10,10,10,-1.5813729177804299,-1.599957055924226,-0.5291770098766279,-1.0969171055119253,-1.6263702475477455,0.05426866553027715
1651821087.8492975,0.0223803469445556,-1.5920955002307893,0.2981213666498661,-0.0067105322144925,0.2806915974244475,0.9408812284469604,-0.062739697471261,0.118411174416542,-2.484357821941376,0.0374527448788284,-0.0020424013462616,0.0058896908769383,0.70913667678833,-0.7050339549779892,0.6068637907505036,-1.765356194972992,0.6466675341129303,-0.3970564767718315,0.0233728062361478,0.912558388710022,0.0950300063937902,0.0107035040855407,0.0040644407272472,-0.0083860754966691,0.0141919322282178,0.7022283070903663,0.0100521002680773,0.188154864891354,10,10,10,10,-1.6098703185021064,-1.5984033387699013,-0.57047216499217,-1.0969171055119253,-1.6263702475477455,0.05426866553027715
1651821087.8592975,0.0263616533484309,-1.591556704044342,0.2913634613156318,0.0052379966713487,0.2671009380370378,0.9449575036764144,-0.0782898154109716,0.1184320595115422,-2.4843581795692447,0.0374831730499863,-0.0019767421064898,0.0058983233291655,0.7091219753026963,-0.7050486654043198,0.6068866938352585,-1.7653122544288635,0.6466632544994354,-0.3970876514911651,0.0233182909898459,0.9125361055135728,0.0951280962675809,0.0022903084754943,0.0043940544128373,-0.0004279613494917,0.004973567935854,0.7024516047089041,0.0187129000835901,0.1719898419231764,10,10,10,10,-1.6383677192237833,-1.5968496216155765,-0.6125423002486093,-1.0969171055119253,-1.6263702475477455,0.05426866553027715
1651821087.8692975,0.027633725258056,-1.591447407007217,0.2858838520944118,0.0100378760136663,0.2496606739237904,0.9486102700233456,-0.087712150812149,0.1184805080294608,-2.484359776973725,0.0375394200906156,-0.0019615685887402,0.0059889410971663,0.709086361527443,-0.7050838500261307,0.6069095969200134,-1.7652683138847352,0.6466589748859406,-0.3971188262104987,0.023263775743544,0.9125138223171234,0.0952261861413716,0.0022903084754943,0.0043940544128373,-0.0004279613494806,0.0049735679358531,0.7042250580479837,0.0276425050352195,-0.5690979458676151,10,10,10,10,-1.6668651199454598,-1.595295904461252,-0.6553874156459464,-1.0969171055119253,-1.6263702475477455,0.05426866553027715
1651821087.8792975,0.0289057971676811,-1.5913381099700927,0.2804042428731918,0.0148377553559839,0.232220409810543,0.9522630363702772,-0.0971344862133264,0.1185289565473794,-2.4843613743782043,0.037595667131245,-0.0019463950709905,0.0060795588651671,0.7090507477521897,-0.7051190346479416,0.6068822234869004,-1.765240877866745,0.6467011988162994,-0.3971040695905685,0.0231958705931901,0.9125098764896392,0.0953431498259305,-0.0027373433113098,0.0027436017990156,0.0042223930358797,0.0057314049049932,0.7060257658159791,0.0353482882197768,-2.039300428151352,10,10,10,10,-1.6953625206671368,-1.5937421873069273,-0.6990075111841806,-1.0969171055119253,-1.6263702475477455,0.05426866553027715
1651821087.8892975,0.0301410085405222,-1.5905982911586762,0.2750232592225075,0.0206388876773416,0.2173339147120714,0.9560302197933196,-0.103044288046658,0.118572387471795,-2.48436678647995,0.0376196537166833,-0.0020003934536362,0.0061882935813627,0.7090171784162521,-0.7051520019769668,0.6068548500537873,-1.7652134418487548,0.6467434227466583,-0.3970893129706382,0.0231279654428362,0.9125059306621552,0.0954601135104894,-0.0027373433113098,0.0027436017990156,0.0042223930358908,0.0057314049050014,0.7080008374387192,0.0416766398284935,-4.241153038725756,10,10,10,10,-1.7238599213888133,-1.5921884701526026,-0.7434025868633124,-1.0969171055119253,-1.6263702475477455,0.05426866553027715
1651821087.8992977,0.0313762199133634,-1.5898584723472595,0.2696422755718231,0.0264400199986993,0.2024474196135997,0.959797403216362,-0.1089540898799896,0.1186158183962106,-2.484372198581696,0.0376436403021215,-0.0020543918362818,0.0062970282975583,0.7089836090803147,-0.7051849693059922,0.6067856192588806,-1.7652067840099337,0.6468215763568879,-0.3970430850982666,0.0232288887724279,0.9125091224908828,0.0955953069031238,-0.0069230794906616,0.0006657838821144,0.0078153610229558,0.0104619389087702,0.7100050930795001,0.0468849933120605,-7.17626994708996,10,10,10,10,-1.7523580015421172,-1.590634715954739,-0.7885737288611335,-1.0969171055119253,-1.6263702475477455,0.05426866553027715
1651821087.9092977,0.0303909217007457,-1.5894378781318663,0.266118174791336,0.0280567650683223,0.1855977233499288,0.9643506228923796,-0.1084398930892348,0.1185985662043094,-2.4843606472015383,0.0376570507884024,-0.0019428978441283,0.0062068224651738,0.7089949309825897,-0.7051747888326645,0.606716388463974,-1.765200126171112,0.6468997299671173,-0.3969968572258949,0.0233298121020197,0.9125123143196106,0.0957305002957581,-0.0069230794906616,0.0006657838821588,0.0078153610229447,0.0104619389087647,0.7127678473652896,-0.6734363424238254,-9.398593957218251,10,10,10,10,-1.7808554022637937,-1.5890809988004144,-0.8345187832990443,-1.0969171055119253,-1.6263702475477455,0.05426866553027715
1651821087.9192977,0.0294056234881281,-1.5890172839164731,0.262594074010849,0.0296735101379453,0.1687480270862579,0.9689038425683972,-0.1079256962984799,0.1185813140124082,-2.4843490958213805,0.0376704612746834,-0.0018314038519747,0.0061166166327893,0.7090062528848649,-0.7051646083593368,0.6066471576690674,-1.7651934683322907,0.6469778835773468,-0.3969506293535232,0.0234307354316114,0.9125155061483384,0.0958656936883925,-0.0069230794906616,0.0006657838821366,0.0078153610229447,0.0104619389087633,0.7155394816470537,-1.397518613388185,-9.454816908329375,10,10,10,10,-1.8093528029854706,-1.5875272816460897,-0.8812388178778524,-1.0969171055119253,-1.6263702475477455,0.05426866553027715
1651821087.9292974,0.0284203252755104,-1.5885966897010804,0.2590699732303619,0.0312902552075683,0.151898330822587,0.9734570622444152,-0.1074114995077251,0.118564061820507,-2.4843375444412232,0.0376838717609643,-0.0017199098598211,0.0060264108004047,0.7090175747871399,-0.7051544278860092,0.6064985156059265,-1.765225887298584,0.6471103996038436,-0.3968272939324379,0.0244799733161925,0.9124845713377,0.0962853781878947,-0.0148642063140913,-0.0032418966293246,0.0132516026496887,0.0201757154987954,0.7182949533998831,-2.1253272826191427,-7.335903654413578,10,10,10,10,-1.8378495242755206,-1.5859736015353039,-0.928732690988814,-1.0969171055119253,-1.6263702475477455,0.05426866553027715
1651821087.9392974,0.0275855151005088,-1.5875120759010315,0.2557599991559982,0.0345811729319393,0.1352744933217763,0.9779485583305356,-0.104595452081412,0.1185668740421533,-2.484326708316803,0.0377369157969951,-0.0015817488514585,0.0059713447932153,0.709008127450943,-0.7051648020744323,0.6063498735427857,-1.7652583062648772,0.6472429156303405,-0.3967039585113525,0.0255292112007736,0.9124536365270616,0.0967050626873969,-0.0148642063140802,-0.0032418966293246,0.0132516026496887,0.0201757154987873,0.72098597691142,-2.8566073754917265,-3.033278333385635,10,10,10,10,-1.8663469249971971,-1.5844198843809791,-0.9770026673724329,-1.0969171055119253,-1.6263702475477455,0.05426866553027715
1651821087.9492974,,,,,,,,,,,,,,,,,,,,,,,,,0.0,0.0,-2.8675882593236466,2.7378022947417997,10,10,10,10,-1.894844325718874,-1.5828661672266546,-1.0260476238969494,-1.0969171055119253,-1.6263702475477455,0.05426866553027715
1651821087.9592974,,,,,,,,,,,,,,,,,,,,,,,,,0.0,0.0,-2.1548204119583567,,10,10,10,10,-1.9233417264405506,-1.58131245007233,-1.0758675605623633,-1.0969171055119253,-1.6263702475477455,0.05426866553027715
1651821087.9692974,,,,,,,,,,,,,,,,,,,,,,,,,0.0,0.0,-1.4392809303113032,,10,10,10,10,-1.9518391271622275,-1.5797587329180052,-1.1264624773686744,-1.0969171055119253,-1.6263702475477455,0.05426866553027715
1651821087.9792974,,,,,,,,,,,,,,,,,,,,,,,,,0.0,0.0,-0.72098597691142,,10,10,10,10,-1.980336527883904,-1.5782050157636807,-1.1778323743158836,-1.0969171055119253,-1.6263702475477455,0.05426866553027715
1651821087.9892974,,,,,,,,,,,,,,,,,,,,,,,,,0.0,0.0,0.0,,10,10,10,10,-2.008833928605581,-1.576651298609356,-1.2299772514039895,-1.0969171055119253,-1.6263702475477455,0.05426866553027715
1651821087.9992974,,,,,,,,,,,,,,,,,,,,,,,,,0.0,0.0,,,10,10,10,10,-2.0373313293272575,-1.5750975814550312,-1.2828971086329934,-1.0969171055119253,-1.6263702475477455,0.05426866553027715
1651821088.0092974,,,,,,,,,,,,,,,,,,,,,,,,,0.0,0.0,,,10,10,10,10,-2.0658287300489344,-1.5735438643007065,-1.336591946002894,-1.0969171055119253,-1.6263702475477455,0.05426866553027715
1651821088.0192974,,,,,,,,,,,,,,,,,,,,,,,,,0.0,0.0,,,10,10,10,10,-2.094326130770611,-1.571990147146382,-1.3910617635136928,-1.0969171055119253,-1.6263702475477455,0.05426866553027715
1651821088.0292974,,,,,,,,,,,,,,,,,,,,,,,,,0.0,0.0,,,10,10,10,10,-2.122823531492288,-1.5704364299920572,-1.4463065611653887,-1.0969171055119253,-1.6263702475477455,0.05426866553027715
