Time,Bottle.position.x,Bottle.position.y,Bottle.position.z,Bottle.orientation.x,Bottle.orientation.y,Bottle.orientation.z,Bottle.orientation.w,CatchNet.position.x,CatchNet.position.y,CatchNet.position.z,CatchNet.orientation.x,CatchNet.orientation.y,CatchNet.orientation.z,CatchNet.orientation.w,TrashPickup.position.x,TrashPickup.position.y,TrashPickup.position.z,TrashPickup.orientation.x,TrashPickup.orientation.y,TrashPickup.orientation.z,TrashPickup.orientation.w
1651820569.419792,0.9342448711395264,-1.717941164970398,0.2067019790410995,0.6913881301879883,0.1637461334466934,0.0786228850483894,-0.699276864528656,0.119612768292427,-2.48398494720459,0.0406049638986587,-0.0007762933382764,0.0083937374874949,0.708561360836029,-0.7055989503860474,0.9143697619438172,-1.743754506111145,0.4099931716918945,-0.7061402201652527,-0.0522201731801033,0.7060971260070801,-0.0081230578944087
1651820569.429792,0.9351428747177124,-1.7174168825149536,0.2059878557920456,0.6901217103004456,0.1653002351522445,0.0787478238344192,-0.7001476883888245,0.119612768292427,-2.48398494720459,0.0406049638986587,-0.0007762933382764,0.0083937374874949,0.708561360836029,-0.7055989503860474,0.914897918701172,-1.743634581565857,0.4099106192588806,-0.7051327228546143,-0.0610092729330062,0.706275463104248,-0.0155151914805173
1651820569.439792,0.9351428747177124,-1.7174168825149536,0.2059878557920456,0.6901217103004456,0.1653002351522445,0.0787478238344192,-0.7001476883888245,0.119612768292427,-2.48398494720459,0.0406049638986587,-0.0007762933382764,0.0083937374874949,0.708561360836029,-0.7055989503860474,0.914897918701172,-1.743634581565857,0.4099106192588806,-0.7051327228546143,-0.0610092729330062,0.706275463104248,-0.0155151914805173
1651820569.449792,0.9351428747177124,-1.7174168825149536,0.2059878557920456,0.6901217103004456,0.1653002351522445,0.0787478238344192,-0.7001476883888245,0.1196862608194351,-2.4839792251586914,0.0405425392091274,-0.0006665023975074,0.0082018040120601,0.708493173122406,-0.705669641494751,0.914897918701172,-1.743634581565857,0.4099106192588806,-0.7051327228546143,-0.0610092729330062,0.706275463104248,-0.0155151914805173
1651820569.459792,0.9351428747177124,-1.7174168825149536,0.2059878557920456,0.6901217103004456,0.1653002351522445,0.0787478238344192,-0.7001476883888245,0.1196862608194351,-2.4839792251586914,0.0405425392091274,-0.0006665023975074,0.0082018040120601,0.708493173122406,-0.705669641494751,0.914897918701172,-1.743634581565857,0.4099106192588806,-0.7051327228546143,-0.0610092729330062,0.706275463104248,-0.0155151914805173
1651820569.469792,0.9360432624816896,-1.717445969581604,0.2052109986543655,0.6899694204330444,0.1644088923931121,0.0804702639579773,-0.7003116607666016,0.1196862608194351,-2.4839792251586914,0.0405425392091274,-0.0006665023975074,0.0082018040120601,0.708493173122406,-0.705669641494751,0.9150789976119996,-1.743613600730896,0.4089232385158539,-0.7076924443244934,-0.049679197371006,0.7047456502914429,-0.0060777445323765
1651820569.479792,0.936135709285736,-1.717455267906189,0.205104112625122,0.6898878812789917,0.164391353726387,0.0806677937507629,-0.7003734707832336,0.1196862608194351,-2.4839792251586914,0.0405425392091274,-0.0006665023975074,0.0082018040120601,0.708493173122406,-0.705669641494751,0.9150789976119996,-1.743613600730896,0.4089232385158539,-0.7076924443244934,-0.049679197371006,0.7047456502914429,-0.0060777445323765
1651820569.489792,0.936135709285736,-1.717455267906189,0.205104112625122,0.6898878812789917,0.164391353726387,0.0806677937507629,-0.7003734707832336,0.1195626482367515,-2.4839816093444824,0.0406491383910179,-0.000655124487821,0.0083702616393566,0.7086009383201599,-0.7055595517158508,0.9150789976119996,-1.743613600730896,0.4089232385158539,-0.7076924443244934,-0.049679197371006,0.7047456502914429,-0.0060777445323765
1651820569.499792,0.936135709285736,-1.717455267906189,0.205104112625122,0.6898878812789917,0.164391353726387,0.0806677937507629,-0.7003734707832336,0.1195626482367515,-2.4839816093444824,0.0406491383910179,-0.000655124487821,0.0083702616393566,0.7086009383201599,-0.7055595517158508,0.9150789976119996,-1.743613600730896,0.4089232385158539,-0.7076924443244934,-0.049679197371006,0.7047456502914429,-0.0060777445323765
1651820569.509792,0.936135709285736,-1.717455267906189,0.205104112625122,0.6898878812789917,0.164391353726387,0.0806677937507629,-0.7003734707832336,0.1195626482367515,-2.4839816093444824,0.0406491383910179,-0.000655124487821,0.0083702616393566,0.7086009383201599,-0.7055595517158508,0.9156692624092102,-1.743801474571228,0.4083544909954071,-0.7069491744041443,-0.0583108402788639,0.7047094106674194,-0.0144014721736311
1651820569.5197918,0.9365941286087036,-1.7179906368255615,0.2042170166969299,0.6912046670913696,0.1653743982315063,0.0804034322500228,-0.6988725066184998,0.1195626482367515,-2.4839816093444824,0.0406491383910179,-0.000655124487821,0.0083702616393566,0.7086009383201599,-0.7055595517158508,0.9157098531723022,-1.7438547611236572,0.408223956823349,-0.7070737481117249,-0.0582383163273334,0.7045856714248657,-0.0146314315497875
1651820569.5297918,0.9365941286087036,-1.7179906368255615,0.2042170166969299,0.6912046670913696,0.1653743982315063,0.0804034322500228,-0.6988725066184998,0.1195626482367515,-2.4839816093444824,0.0406491383910179,-0.000655124487821,0.0083702616393566,0.7086009383201599,-0.7055595517158508,0.9157098531723022,-1.7438547611236572,0.408223956823349,-0.7070737481117249,-0.0582383163273334,0.7045856714248657,-0.0146314315497875
1651820569.5397918,0.9365941286087036,-1.7179906368255615,0.2042170166969299,0.6912046670913696,0.1653743982315063,0.0804034322500228,-0.6988725066184998,0.1195216253399849,-2.483978748321533,0.0406891927123069,-0.0003794382500927,0.0081533854827284,0.7086343765258789,-0.7055287957191467,0.9157098531723022,-1.7438547611236572,0.408223956823349,-0.7070737481117249,-0.0582383163273334,0.7045856714248657,-0.0146314315497875
1651820569.5497918,0.9365941286087036,-1.7179906368255615,0.2042170166969299,0.6912046670913696,0.1653743982315063,0.0804034322500228,-0.6988725066184998,0.1195216253399849,-2.483978748321533,0.0406891927123069,-0.0003794382500927,0.0081533854827284,0.7086343765258789,-0.7055287957191467,0.9157098531723022,-1.7438547611236572,0.408223956823349,-0.7070737481117249,-0.0582383163273334,0.7045856714248657,-0.0146314315497875
1651820569.5597918,0.9365941286087036,-1.7179906368255615,0.2042170166969299,0.6912046670913696,0.1653743982315063,0.0804034322500228,-0.6988725066184998,0.1195216253399849,-2.483978748321533,0.0406891927123069,-0.0003794382500927,0.0081533854827284,0.7086343765258789,-0.7055287957191467,0.9152166843414308,-1.7443195581436155,0.4072716236114502,-0.7082275748252869,-0.0519233494997024,0.7039954662322998,-0.0103954328224062
1651820569.5697918,0.9362975358963012,-1.718727469444275,0.203361764550209,0.6903966665267944,0.1685121357440948,0.0784805938601493,-0.6991401314735413,0.1195216253399849,-2.483978748321533,0.0406891927123069,-0.0003794382500927,0.0081533854827284,0.7086343765258789,-0.7055287957191467,0.9152166843414308,-1.7443195581436155,0.4072716236114502,-0.7082275748252869,-0.0519233494997024,0.7039954662322998,-0.0103954328224062
1651820569.5797918,0.9362975358963012,-1.718727469444275,0.203361764550209,0.6903966665267944,0.1685121357440948,0.0784805938601493,-0.6991401314735413,0.1195481568574905,-2.4839911460876465,0.0405941940844059,-0.0005633937544189,0.0081889005377888,0.708609402179718,-0.7055532932281494,0.9152166843414308,-1.7443195581436155,0.4072716236114502,-0.7082275748252869,-0.0519233494997024,0.7039954662322998,-0.0103954328224062
1651820569.5897918,0.9362975358963012,-1.718727469444275,0.203361764550209,0.6903966665267944,0.1685121357440948,0.0784805938601493,-0.6991401314735413,0.1195481568574905,-2.4839911460876465,0.0405941940844059,-0.0005633937544189,0.0081889005377888,0.708609402179718,-0.7055532932281494,0.9152166843414308,-1.7443195581436155,0.4072716236114502,-0.7082275748252869,-0.0519233494997024,0.7039954662322998,-0.0103954328224062
1651820569.5997918,0.9362975358963012,-1.718727469444275,0.203361764550209,0.6903966665267944,0.1685121357440948,0.0784805938601493,-0.6991401314735413,0.1195481568574905,-2.4839911460876465,0.0405941940844059,-0.0005633937544189,0.0081889005377888,0.708609402179718,-0.7055532932281494,0.9152166843414308,-1.7443195581436155,0.4072716236114502,-0.7082275748252869,-0.0519233494997024,0.7039954662322998,-0.0103954328224062
1651820569.6097918,0.9362975358963012,-1.718727469444275,0.203361764550209,0.6903966665267944,0.1685121357440948,0.0784805938601493,-0.6991401314735413,0.1195481568574905,-2.4839911460876465,0.0405941940844059,-0.0005633937544189,0.0081889005377888,0.708609402179718,-0.7055532932281494,0.9150269031524658,-1.7448885440826416,0.4066753387451172,-0.7083024978637695,-0.0525006428360939,0.703850507736206,-0.0120721021667122
1651820569.6197915,0.9360182881355286,-1.719693303108215,0.2027930319309234,0.6917843818664551,0.1704197376966476,0.0763532444834709,-0.697539746761322,0.1195481568574905,-2.4839911460876465,0.0405941940844059,-0.0005633937544189,0.0081889005377888,0.708609402179718,-0.7055532932281494,0.9150269031524658,-1.7448885440826416,0.4066753387451172,-0.7083024978637695,-0.0525006428360939,0.703850507736206,-0.0120721021667122
1651820569.6297915,0.9360182881355286,-1.719693303108215,0.2027930319309234,0.6917843818664551,0.1704197376966476,0.0763532444834709,-0.697539746761322,0.11955326795578,-2.4839682579040527,0.0407340042293071,-0.0005764269735664,0.0084107238799333,0.7086047530174255,-0.7055553197860718,0.9150269031524658,-1.7448885440826416,0.4066753387451172,-0.7083024978637695,-0.0525006428360939,0.703850507736206,-0.0120721021667122
1651820569.6397915,0.9360182881355286,-1.719693303108215,0.2027930319309234,0.6917843818664551,0.1704197376966476,0.0763532444834709,-0.697539746761322,0.11955326795578,-2.4839682579040527,0.0407340042293071,-0.0005764269735664,0.0084107238799333,0.7086047530174255,-0.7055553197860718,0.9150269031524658,-1.7448885440826416,0.4066753387451172,-0.7083024978637695,-0.0525006428360939,0.703850507736206,-0.0120721021667122
1651820569.6497917,0.9360182881355286,-1.719693303108215,0.2027930319309234,0.6917843818664551,0.1704197376966476,0.0763532444834709,-0.697539746761322,0.11955326795578,-2.4839682579040527,0.0407340042293071,-0.0005764269735664,0.0084107238799333,0.7086047530174255,-0.7055553197860718,0.9150269031524658,-1.7448885440826416,0.4066753387451172,-0.7083024978637695,-0.0525006428360939,0.703850507736206,-0.0120721021667122
1651820569.6597917,0.933890700340271,-1.7191033363342283,0.2037883251905441,0.6900227665901184,0.1710312068462371,0.077001579105854,-0.6990619897842407,0.11955326795578,-2.4839682579040527,0.0407340042293071,-0.0005764269735664,0.0084107238799333,0.7086047530174255,-0.7055553197860718,0.913939893245697,-1.744821071624756,0.4071855545043945,-0.7062418460845947,-0.060419488698244,0.7051278352737427,-0.0191518310457468
1651820569.6697917,0.933890700340271,-1.7191033363342283,0.2037883251905441,0.6900227665901184,0.1710312068462371,0.077001579105854,-0.6990619897842407,0.11955326795578,-2.4839682579040527,0.0407340042293071,-0.0005764269735664,0.0084107238799333,0.7086047530174255,-0.7055553197860718,0.913939893245697,-1.744821071624756,0.4071855545043945,-0.7062418460845947,-0.060419488698244,0.7051278352737427,-0.0191518310457468
1651820569.6797917,0.933890700340271,-1.7191033363342283,0.2037883251905441,0.6900227665901184,0.1710312068462371,0.077001579105854,-0.6990619897842407,0.1195839717984199,-2.483964443206787,0.0406607240438461,-0.0006370763294398,0.0083504533395171,0.7085806131362915,-0.7055801749229431,0.913939893245697,-1.744821071624756,0.4071855545043945,-0.7062418460845947,-0.060419488698244,0.7051278352737427,-0.0191518310457468
1651820569.6897917,0.933890700340271,-1.7191033363342283,0.2037883251905441,0.6900227665901184,0.1710312068462371,0.077001579105854,-0.6990619897842407,0.1195839717984199,-2.483964443206787,0.0406607240438461,-0.0006370763294398,0.0083504533395171,0.7085806131362915,-0.7055801749229431,0.913939893245697,-1.744821071624756,0.4071855545043945,-0.7062418460845947,-0.060419488698244,0.7051278352737427,-0.0191518310457468
1651820569.6997917,0.933890700340271,-1.7191033363342283,0.2037883251905441,0.6900227665901184,0.1710312068462371,0.077001579105854,-0.6990619897842407,0.1195839717984199,-2.483964443206787,0.0406607240438461,-0.0006370763294398,0.0083504533395171,0.7085806131362915,-0.7055801749229431,0.9014398455619812,-1.7443441152572632,0.4130218625068664,-0.6988770365715027,-0.0600260496139526,0.7125473022460938,-0.0156278256326913
1651820569.7097917,0.9120991826057434,-1.7179614305496216,0.2113029956817627,0.6908197999000549,0.1767032146453857,0.0853028744459152,-0.6958932280540466,0.1195839717984199,-2.483964443206787,0.0406607240438461,-0.0006370763294398,0.0083504533395171,0.7085806131362915,-0.7055801749229431,0.8963106870651245,-1.7440193891525269,0.4153246283531189,-0.6946309208869934,-0.0624698735773563,0.716455340385437,-0.0166479423642158
1651820569.7197917,0.9120991826057434,-1.7179614305496216,0.2113029956817627,0.6908197999000549,0.1767032146453857,0.0853028744459152,-0.6958932280540466,0.1196637228131294,-2.4839789867401123,0.0406814515590667,-0.0007309995125979,0.0084797721356153,0.7085108160972595,-0.70564866065979,0.8963106870651245,-1.7440193891525269,0.4153246283531189,-0.6946309208869934,-0.0624698735773563,0.716455340385437,-0.0166479423642158
1651820569.7297916,0.9120991826057434,-1.7179614305496216,0.2113029956817627,0.6908197999000549,0.1767032146453857,0.0853028744459152,-0.6958932280540466,0.1196365058422088,-2.4839835166931152,0.0405899286270141,-0.0006268416764214,0.00822373945266,0.708543062210083,-0.7056193947792053,0.8963106870651245,-1.7440193891525269,0.4153246283531189,-0.6946309208869934,-0.0624698735773563,0.716455340385437,-0.0166479423642158
1651820569.7397916,0.9120991826057434,-1.7179614305496216,0.2113029956817627,0.6908197999000549,0.1767032146453857,0.0853028744459152,-0.6958932280540466,0.1196365058422088,-2.4839835166931152,0.0405899286270141,-0.0006268416764214,0.00822373945266,0.708543062210083,-0.7056193947792053,0.8963106870651245,-1.7440193891525269,0.4153246283531189,-0.6946309208869934,-0.0624698735773563,0.716455340385437,-0.0166479423642158
1651820569.7497916,0.8522030711174011,-1.712968826293945,0.2353167831897735,0.6768516898155212,0.1987689733505249,0.1006432175636291,-0.7015936374664307,0.1196365058422088,-2.4839835166931152,0.0405899286270141,-0.0006268416764214,0.00822373945266,0.708543062210083,-0.7056193947792053,0.8963106870651245,-1.7440193891525269,0.4153246283531189,-0.6946309208869934,-0.0624698735773563,0.716455340385437,-0.0166479423642158
1651820569.7597916,0.8349516987800598,-1.7115620374679563,0.2423724383115768,0.6748911738395691,0.20447339117527,0.1051809415221214,-0.7011772394180298,0.1196365058422088,-2.4839835166931152,0.0405899286270141,-0.0006268416764214,0.00822373945266,0.708543062210083,-0.7056193947792053,0.8507809042930603,-1.7417802810668943,0.4397823810577392,-0.6600427031517029,-0.062733270227909,0.7485793828964233,-0.0060939500108361
1651820569.7697916,0.8349516987800598,-1.7115620374679563,0.2423724383115768,0.6748911738395691,0.20447339117527,0.1051809415221214,-0.7011772394180298,0.1196689158678054,-2.4839792251586914,0.0402911677956581,-0.0015363933052867,0.0086412010714411,0.7085114121437073,-0.7056447863578796,0.8507809042930603,-1.7417802810668943,0.4397823810577392,-0.6600427031517029,-0.062733270227909,0.7485793828964233,-0.0060939500108361
1651820569.7797916,0.8349516987800598,-1.7115620374679563,0.2423724383115768,0.6748911738395691,0.20447339117527,0.1051809415221214,-0.7011772394180298,0.1196689158678054,-2.4839792251586914,0.0402911677956581,-0.0015363933052867,0.0086412010714411,0.7085114121437073,-0.7056447863578796,0.8507809042930603,-1.7417802810668943,0.4397823810577392,-0.6600427031517029,-0.062733270227909,0.7485793828964233,-0.0060939500108361
1651820569.7897916,0.8349516987800598,-1.7115620374679563,0.2423724383115768,0.6748911738395691,0.20447339117527,0.1051809415221214,-0.7011772394180298,0.1196689158678054,-2.4839792251586914,0.0402911677956581,-0.0015363933052867,0.0086412010714411,0.7085114121437073,-0.7056447863578796,0.8507809042930603,-1.7417802810668943,0.4397823810577392,-0.6600427031517029,-0.062733270227909,0.7485793828964233,-0.0060939500108361
1651820569.7997916,0.7598640322685242,-1.706875205039978,0.2697874307632446,0.6655431389808655,0.2311384975910186,0.1251410394906997,-0.6985464096069336,0.1196689158678054,-2.4839792251586914,0.0402911677956581,-0.0015363933052867,0.0086412010714411,0.7085114121437073,-0.7056447863578796,0.7613074779510498,-1.7472189664840698,0.5012760758399963,-0.5744035840034485,-0.0763940066099166,0.814995288848877,-0.0026697316206991
1651820569.8097916,0.7598640322685242,-1.706875205039978,0.2697874307632446,0.6655431389808655,0.2311384975910186,0.1251410394906997,-0.6985464096069336,0.1197428032755851,-2.483984470367432,0.0406133309006691,-0.0003169212432112,0.0079233348369598,0.7084430456161499,-0.7057234048843384,0.7613074779510498,-1.7472189664840698,0.5012760758399963,-0.5744035840034485,-0.0763940066099166,0.814995288848877,-0.0026697316206991
1651820569.8197916,0.7598640322685242,-1.706875205039978,0.2697874307632446,0.6655431389808655,0.2311384975910186,0.1251410394906997,-0.6985464096069336,0.1197428032755851,-2.483984470367432,0.0406133309006691,-0.0003169212432112,0.0079233348369598,0.7084430456161499,-0.7057234048843384,0.7613074779510498,-1.7472189664840698,0.5012760758399963,-0.5744035840034485,-0.0763940066099166,0.814995288848877,-0.0026697316206991
1651820569.8297915,0.7598640322685242,-1.706875205039978,0.2697874307632446,0.6655431389808655,0.2311384975910186,0.1251410394906997,-0.6985464096069336,0.1197428032755851,-2.483984470367432,0.0406133309006691,-0.0003169212432112,0.0079233348369598,0.7084430456161499,-0.7057234048843384,0.7613074779510498,-1.7472189664840698,0.5012760758399963,-0.5744035840034485,-0.0763940066099166,0.814995288848877,-0.0026697316206991
1651820569.8397915,0.7598640322685242,-1.706875205039978,0.2697874307632446,0.6655431389808655,0.2311384975910186,0.1251410394906997,-0.6985464096069336,0.1197428032755851,-2.483984470367432,0.0406133309006691,-0.0003169212432112,0.0079233348369598,0.7084430456161499,-0.7057234048843384,0.7613074779510498,-1.7472189664840698,0.5012760758399963,-0.5744035840034485,-0.0763940066099166,0.814995288848877,-0.0026697316206991
1651820569.8497915,0.6463559865951538,-1.7004547119140625,0.2921221852302551,0.6283127069473267,0.2790175080299377,0.1464357674121856,-0.7112868428230286,0.1197428032755851,-2.483984470367432,0.0406133309006691,-0.0003169212432112,0.0079233348369598,0.7084430456161499,-0.7057234048843384,0.6423114538192749,-1.765800952911377,0.6254901885986328,-0.430120974779129,-0.0938614457845687,0.8978760838508606,0.0021108004730194
1651820569.8597915,0.6463559865951538,-1.7004547119140625,0.2921221852302551,0.6283127069473267,0.2790175080299377,0.1464357674121856,-0.7112868428230286,0.12000123411417,-2.4839534759521484,0.0401063933968544,-0.0017054300988093,0.0085407430306077,0.708220362663269,-0.7059377431869507,0.6423114538192749,-1.765800952911377,0.6254901885986328,-0.430120974779129,-0.0938614457845687,0.8978760838508606,0.0021108004730194
1651820569.8697915,0.6463559865951538,-1.7004547119140625,0.2921221852302551,0.6283127069473267,0.2790175080299377,0.1464357674121856,-0.7112868428230286,0.12000123411417,-2.4839534759521484,0.0401063933968544,-0.0017054300988093,0.0085407430306077,0.708220362663269,-0.7059377431869507,0.6423114538192749,-1.765800952911377,0.6254901885986328,-0.430120974779129,-0.0938614457845687,0.8978760838508606,0.0021108004730194
1651820569.8797915,0.6463559865951538,-1.7004547119140625,0.2921221852302551,0.6283127069473267,0.2790175080299377,0.1464357674121856,-0.7112868428230286,0.12000123411417,-2.4839534759521484,0.0401063933968544,-0.0017054300988093,0.0085407430306077,0.708220362663269,-0.7059377431869507,0.6423114538192749,-1.765800952911377,0.6254901885986328,-0.430120974779129,-0.0938614457845687,0.8978760838508606,0.0021108004730194
1651820569.8897915,0.5341319441795349,-1.6972318887710571,0.2904256284236908,0.5935496091842651,0.3276991844177246,0.1608037203550338,-0.717254638671875,0.12000123411417,-2.4839534759521484,0.0401063933968544,-0.0017054300988093,0.0085407430306077,0.708220362663269,-0.7059377431869507,0.5762032270431519,-1.7721067667007446,0.7357698082923889,-0.317601203918457,-0.126289501786232,0.9397486448287964,0.0072790551930665
1651820569.8997917,0.5153626799583435,-1.6966453790664673,0.2879779636859894,0.5814632773399353,0.33737713098526,0.1610728949308395,-0.7225874662399292,0.1196915060281753,-2.484009265899658,0.0404391959309577,-0.0005978064727969,0.0079440493136644,0.7084779143333435,-0.7056880593299866,0.5697844624519348,-1.7717047929763794,0.7484288215637207,-0.3073004484176636,-0.1151501387357711,0.944518744945526,0.0138304848223924
1651820569.9097917,0.5153626799583435,-1.6966453790664673,0.2879779636859894,0.5814632773399353,0.33737713098526,0.1610728949308395,-0.7225874662399292,0.1197941154241561,-2.484002590179444,0.0403371080756187,-0.000497669854667,0.0076720132492482,0.708385169506073,-0.7057842016220093,0.5697844624519348,-1.7717047929763794,0.7484288215637207,-0.3073004484176636,-0.1151501387357711,0.944518744945526,0.0138304848223924
1651820569.9197917,0.5153626799583435,-1.6966453790664673,0.2879779636859894,0.5814632773399353,0.33737713098526,0.1610728949308395,-0.7225874662399292,0.1197941154241561,-2.484002590179444,0.0403371080756187,-0.000497669854667,0.0076720132492482,0.708385169506073,-0.7057842016220093,0.5697844624519348,-1.7717047929763794,0.7484288215637207,-0.3073004484176636,-0.1151501387357711,0.944518744945526,0.0138304848223924
1651820569.9297917,0.5153626799583435,-1.6966453790664673,0.2879779636859894,0.5814632773399353,0.33737713098526,0.1610728949308395,-0.7225874662399292,0.1197941154241561,-2.484002590179444,0.0403371080756187,-0.000497669854667,0.0076720132492482,0.708385169506073,-0.7057842016220093,0.5697844624519348,-1.7717047929763794,0.7484288215637207,-0.3073004484176636,-0.1151501387357711,0.944518744945526,0.0138304848223924
1651820569.9397914,0.5153626799583435,-1.6966453790664673,0.2879779636859894,0.5814632773399353,0.33737713098526,0.1610728949308395,-0.7225874662399292,0.1197941154241561,-2.484002590179444,0.0403371080756187,-0.000497669854667,0.0076720132492482,0.708385169506073,-0.7057842016220093,0.5697844624519348,-1.7717047929763794,0.7484288215637207,-0.3073004484176636,-0.1151501387357711,0.944518744945526,0.0138304848223924
1651820569.9497914,0.4222241044044494,-1.695708155632019,0.2649020850658417,0.5313819050788879,0.3864537179470062,0.1576741337776184,-0.7371742129325867,0.1197334825992584,-2.483999013900757,0.0400357395410537,-0.0021979268640279,0.0088785821571946,0.7084155678749084,-0.7057363390922546,0.555241584777832,-1.7702213525772097,0.7795718908309937,-0.28118896484375,-0.1095716580748558,0.953156054019928,0.0205047987401485
1651820569.9597914,0.4222241044044494,-1.695708155632019,0.2649020850658417,0.5313819050788879,0.3864537179470062,0.1576741337776184,-0.7371742129325867,0.1197334825992584,-2.483999013900757,0.0400357395410537,-0.0021979268640279,0.0088785821571946,0.7084155678749084,-0.7057363390922546,0.555241584777832,-1.7702213525772097,0.7795718908309937,-0.28118896484375,-0.1095716580748558,0.953156054019928,0.0205047987401485
1651820569.9697914,0.4222241044044494,-1.695708155632019,0.2649020850658417,0.5313819050788879,0.3864537179470062,0.1576741337776184,-0.7371742129325867,0.1197334825992584,-2.483999013900757,0.0400357395410537,-0.0021979268640279,0.0088785821571946,0.7084155678749084,-0.7057363390922546,0.555241584777832,-1.7702213525772097,0.7795718908309937,-0.28118896484375,-0.1095716580748558,0.953156054019928,0.0205047987401485
1651820569.9797914,0.4222241044044494,-1.695708155632019,0.2649020850658417,0.5313819050788879,0.3864537179470062,0.1576741337776184,-0.7371742129325867,0.1197334825992584,-2.483999013900757,0.0400357395410537,-0.0021979268640279,0.0088785821571946,0.7084155678749084,-0.7057363390922546,0.555241584777832,-1.7702213525772097,0.7795718908309937,-0.28118896484375,-0.1095716580748558,0.953156054019928,0.0205047987401485
1651820569.9897914,0.3297775685787201,-1.696115016937256,0.2251773029565811,0.4700094759464264,0.4388633370399475,0.1424547433853149,-0.7524604797363281,0.1197334825992584,-2.483999013900757,0.0400357395410537,-0.0021979268640279,0.0088785821571946,0.7084155678749084,-0.7057363390922546,0.5600557327270508,-1.7666473388671875,0.7701468467712402,-0.2928906381130218,-0.1143758967518806,0.948978841304779,0.0239277500659227
1651820569.9997914,0.3297775685787201,-1.696115016937256,0.2251773029565811,0.4700094759464264,0.4388633370399475,0.1424547433853149,-0.7524604797363281,0.119558073580265,-2.483983039855957,0.0410949774086475,-0.0002599082072265,0.0085638919845223,0.708541989326477,-0.7056167125701904,0.5600557327270508,-1.7666473388671875,0.7701468467712402,-0.2928906381130218,-0.1143758967518806,0.948978841304779,0.0239277500659227
1651820570.0097914,0.3297775685787201,-1.696115016937256,0.2251773029565811,0.4700094759464264,0.4388633370399475,0.1424547433853149,-0.7524604797363281,0.119558073580265,-2.483983039855957,0.0410949774086475,-0.0002599082072265,0.0085638919845223,0.708541989326477,-0.7056167125701904,0.5600557327270508,-1.7666473388671875,0.7701468467712402,-0.2928906381130218,-0.1143758967518806,0.948978841304779,0.0239277500659227
1651820570.0197914,0.3297775685787201,-1.696115016937256,0.2251773029565811,0.4700094759464264,0.4388633370399475,0.1424547433853149,-0.7524604797363281,0.119558073580265,-2.483983039855957,0.0410949774086475,-0.0002599082072265,0.0085638919845223,0.708541989326477,-0.7056167125701904,0.5600557327270508,-1.7666473388671875,0.7701468467712402,-0.2928906381130218,-0.1143758967518806,0.948978841304779,0.0239277500659227
1651820570.0297914,0.3297775685787201,-1.696115016937256,0.2251773029565811,0.4700094759464264,0.4388633370399475,0.1424547433853149,-0.7524604797363281,0.119558073580265,-2.483983039855957,0.0410949774086475,-0.0002599082072265,0.0085638919845223,0.708541989326477,-0.7056167125701904,0.5600557327270508,-1.7666473388671875,0.7701468467712402,-0.2928906381130218,-0.1143758967518806,0.948978841304779,0.0239277500659227
1651820570.039791,0.2236656546592712,-1.7001981735229492,0.1698652952909469,0.385727196931839,0.4985743463039398,0.0991069674491882,-0.7699453830718994,0.1199134141206741,-2.4840011596679688,0.04064666852355,-0.0002546356699895,0.0079258512705564,0.7082752585411072,-0.7058919072151184,0.5819526314735413,-1.7602672576904297,0.7327765822410583,-0.3292391896247864,-0.1195938810706138,0.9361072182655334,0.031658474355936
1651820570.049791,0.2236656546592712,-1.7001981735229492,0.1698652952909469,0.385727196931839,0.4985743463039398,0.0991069674491882,-0.7699453830718994,0.1199134141206741,-2.4840011596679688,0.04064666852355,-0.0002546356699895,0.0079258512705564,0.7082752585411072,-0.7058919072151184,0.5819526314735413,-1.7602672576904297,0.7327765822410583,-0.3292391896247864,-0.1195938810706138,0.9361072182655334,0.031658474355936
1651820570.059791,0.2236656546592712,-1.7001981735229492,0.1698652952909469,0.385727196931839,0.4985743463039398,0.0991069674491882,-0.7699453830718994,0.1199134141206741,-2.4840011596679688,0.04064666852355,-0.0002546356699895,0.0079258512705564,0.7082752585411072,-0.7058919072151184,0.5819526314735413,-1.7602672576904297,0.7327765822410583,-0.3292391896247864,-0.1195938810706138,0.9361072182655334,0.031658474355936
1651820570.0697913,0.2236656546592712,-1.7001981735229492,0.1698652952909469,0.385727196931839,0.4985743463039398,0.0991069674491882,-0.7699453830718994,0.1199134141206741,-2.4840011596679688,0.04064666852355,-0.0002546356699895,0.0079258512705564,0.7082752585411072,-0.7058919072151184,0.5819526314735413,-1.7602672576904297,0.7327765822410583,-0.3292391896247864,-0.1195938810706138,0.9361072182655334,0.031658474355936
1651820570.0797913,0.2236656546592712,-1.7001981735229492,0.1698652952909469,0.385727196931839,0.4985743463039398,0.0991069674491882,-0.7699453830718994,0.1199134141206741,-2.4840011596679688,0.04064666852355,-0.0002546356699895,0.0079258512705564,0.7082752585411072,-0.7058919072151184,0.5956024527549744,-1.7564789056777954,0.7112113833427429,-0.3522172570228576,-0.0927728191018104,0.9302071928977966,0.0452877059578895
1651820570.0897913,0.1910648494958877,-1.7123149633407593,0.2019154131412506,0.0132978167384862,0.4411012530326843,-0.225358173251152,-0.8686003684997559,0.1200738325715065,-2.484210729598999,0.0381328165531158,-0.0070565282367169,0.0109883779659867,0.7079370021820068,-0.7061549425125122,0.610798180103302,-1.7526557445526123,0.6893501877784729,-0.3716660439968109,-0.0953828021883964,0.922112762928009,0.0497467219829559
1651820570.0997913,0.1910648494958877,-1.7123149633407593,0.2019154131412506,0.0132978167384862,0.4411012530326843,-0.225358173251152,-0.8686003684997559,0.1200738325715065,-2.484210729598999,0.0381328165531158,-0.0070565282367169,0.0109883779659867,0.7079370021820068,-0.7061549425125122,0.610798180103302,-1.7526557445526123,0.6893501877784729,-0.3716660439968109,-0.0953828021883964,0.922112762928009,0.0497467219829559
1651820570.1097913,0.1910648494958877,-1.7123149633407593,0.2019154131412506,0.0132978167384862,0.4411012530326843,-0.225358173251152,-0.8686003684997559,0.1200738325715065,-2.484210729598999,0.0381328165531158,-0.0070565282367169,0.0109883779659867,0.7079370021820068,-0.7061549425125122,0.610798180103302,-1.7526557445526123,0.6893501877784729,-0.3716660439968109,-0.0953828021883964,0.922112762928009,0.0497467219829559
1651820570.1197913,0.1910648494958877,-1.7123149633407593,0.2019154131412506,0.0132978167384862,0.4411012530326843,-0.225358173251152,-0.8686003684997559,0.1200738325715065,-2.484210729598999,0.0381328165531158,-0.0070565282367169,0.0109883779659867,0.7079370021820068,-0.7061549425125122,0.610798180103302,-1.7526557445526123,0.6893501877784729,-0.3716660439968109,-0.0953828021883964,0.922112762928009,0.0497467219829559
1651820570.1297913,0.1976230144500732,-1.7162915468215942,0.1886011660099029,-0.1797447949647903,0.1788477301597595,-0.3673432171344757,-0.8948543071746826,0.1197784543037414,-2.483879566192627,0.0419041886925697,0.0041067698039114,0.0055439453572034,0.7080853581428528,-0.7060931921005249,0.6427968740463257,-1.7508269548416138,0.6488075256347656,-0.4062604606151581,-0.1189718768000602,0.9049047827720642,0.0441076532006263
1651820570.1397913,0.1976230144500732,-1.7162915468215942,0.1886011660099029,-0.1797447949647903,0.1788477301597595,-0.3673432171344757,-0.8948543071746826,0.1197784543037414,-2.483879566192627,0.0419041886925697,0.0041067698039114,0.0055439453572034,0.7080853581428528,-0.7060931921005249,0.6427968740463257,-1.7508269548416138,0.6488075256347656,-0.4062604606151581,-0.1189718768000602,0.9049047827720642,0.0441076532006263
1651820570.1497912,0.1976230144500732,-1.7162915468215942,0.1886011660099029,-0.1797447949647903,0.1788477301597595,-0.3673432171344757,-0.8948543071746826,0.1197784543037414,-2.483879566192627,0.0419041886925697,0.0041067698039114,0.0055439453572034,0.7080853581428528,-0.7060931921005249,0.6427968740463257,-1.7508269548416138,0.6488075256347656,-0.4062604606151581,-0.1189718768000602,0.9049047827720642,0.0441076532006263
1651820570.1597912,0.1976230144500732,-1.7162915468215942,0.1886011660099029,-0.1797447949647903,0.1788477301597595,-0.3673432171344757,-0.8948543071746826,0.1197784543037414,-2.483879566192627,0.0419041886925697,0.0041067698039114,0.0055439453572034,0.7080853581428528,-0.7060931921005249,0.6427968740463257,-1.7508269548416138,0.6488075256347656,-0.4062604606151581,-0.1189718768000602,0.9049047827720642,0.0441076532006263
1651820570.1697912,0.1976230144500732,-1.7162915468215942,0.1886011660099029,-0.1797447949647903,0.1788477301597595,-0.3673432171344757,-0.8948543071746826,0.1197784543037414,-2.483879566192627,0.0419041886925697,0.0041067698039114,0.0055439453572034,0.7080853581428528,-0.7060931921005249,0.6427968740463257,-1.7508269548416138,0.6488075256347656,-0.4062604606151581,-0.1189718768000602,0.9049047827720642,0.0441076532006263
1651820570.1797912,0.2060258984565735,-1.717022180557251,0.1538014858961105,-0.312154084444046,-0.0504705272614955,-0.3934805393218994,-0.8632413148880005,0.1198090016841888,-2.4840011596679688,0.0403019040822982,-2.6408572011860088e-05,0.0072103864513337,0.7079842686653137,-0.70619136095047,0.6666502356529236,-1.7525064945220947,0.6186585426330566,-0.4329568445682525,-0.1027377620339393,0.8940458297729492,0.0517251454293727
1651820570.1897912,0.2060258984565735,-1.717022180557251,0.1538014858961105,-0.312154084444046,-0.0504705272614955,-0.3934805393218994,-0.8632413148880005,0.1198090016841888,-2.4840011596679688,0.0403019040822982,-2.6408572011860088e-05,0.0072103864513337,0.7079842686653137,-0.70619136095047,0.6666502356529236,-1.7525064945220947,0.6186585426330566,-0.4329568445682525,-0.1027377620339393,0.8940458297729492,0.0517251454293727
1651820570.1997912,0.2060258984565735,-1.717022180557251,0.1538014858961105,-0.312154084444046,-0.0504705272614955,-0.3934805393218994,-0.8632413148880005,0.1198090016841888,-2.4840011596679688,0.0403019040822982,-2.6408572011860088e-05,0.0072103864513337,0.7079842686653137,-0.70619136095047,0.6666502356529236,-1.7525064945220947,0.6186585426330566,-0.4329568445682525,-0.1027377620339393,0.8940458297729492,0.0517251454293727
1651820570.2097912,0.2060258984565735,-1.717022180557251,0.1538014858961105,-0.312154084444046,-0.0504705272614955,-0.3934805393218994,-0.8632413148880005,0.1198090016841888,-2.4840011596679688,0.0403019040822982,-2.6408572011860088e-05,0.0072103864513337,0.7079842686653137,-0.70619136095047,0.6666502356529236,-1.7525064945220947,0.6186585426330566,-0.4329568445682525,-0.1027377620339393,0.8940458297729492,0.0517251454293727
1651820570.2197912,0.2135099172592163,-1.7173113822937012,0.1003039106726646,-0.4343707263469696,-0.2658114433288574,-0.3410059809684753,-0.7901780009269714,0.1190535947680473,-2.4839212894439697,0.0413569062948226,0.0032613393850624,0.0054323435761034,0.708688497543335,-0.705493152141571,0.6880717277526855,-1.7580184936523438,0.591022253036499,-0.4556351900100708,-0.0865334197878837,0.8839524388313293,0.0594686679542064
1651820570.2297912,0.2135099172592163,-1.7173113822937012,0.1003039106726646,-0.4343707263469696,-0.2658114433288574,-0.3410059809684753,-0.7901780009269714,0.1190535947680473,-2.4839212894439697,0.0413569062948226,0.0032613393850624,0.0054323435761034,0.708688497543335,-0.705493152141571,0.6880717277526855,-1.7580184936523438,0.591022253036499,-0.4556351900100708,-0.0865334197878837,0.8839524388313293,0.0594686679542064
1651820570.2397912,0.2135099172592163,-1.7173113822937012,0.1003039106726646,-0.4343707263469696,-0.2658114433288574,-0.3410059809684753,-0.7901780009269714,0.1190535947680473,-2.4839212894439697,0.0413569062948226,0.0032613393850624,0.0054323435761034,0.708688497543335,-0.705493152141571,0.6880717277526855,-1.7580184936523438,0.591022253036499,-0.4556351900100708,-0.0865334197878837,0.8839524388313293,0.0594686679542064
1651820570.2497911,0.2135099172592163,-1.7173113822937012,0.1003039106726646,-0.4343707263469696,-0.2658114433288574,-0.3410059809684753,-0.7901780009269714,0.1190535947680473,-2.4839212894439697,0.0413569062948226,0.0032613393850624,0.0054323435761034,0.708688497543335,-0.705493152141571,0.6880717277526855,-1.7580184936523438,0.591022253036499,-0.4556351900100708,-0.0865334197878837,0.8839524388313293,0.0594686679542064
1651820570.2597911,0.2108759433031082,-1.710429310798645,0.096683531999588,-0.3029673099517822,-0.2552150189876556,-0.3978765904903412,-0.8275084495544434,0.1190535947680473,-2.4839212894439697,0.0413569062948226,0.0032613393850624,0.0054323435761034,0.708688497543335,-0.705493152141571,0.6880717277526855,-1.7580184936523438,0.591022253036499,-0.4556351900100708,-0.0865334197878837,0.8839524388313293,0.0594686679542064
1651820570.2697911,0.2032148689031601,-1.7049740552902222,0.1052139401435852,-0.1699797809123993,-0.1633489727973938,-0.4678336083889007,-0.8517956137657166,0.1187654510140419,-2.4839868545532227,0.040820512920618,0.0028080616611987,0.0051251701079308,0.7088285088539124,-0.7053567171096802,0.7079049348831177,-1.7687315940856934,0.5643728375434875,-0.4801397621631622,-0.0744948238134384,0.8718981146812439,0.0609100684523582
1651820570.279791,0.2032148689031601,-1.7049740552902222,0.1052139401435852,-0.1699797809123993,-0.1633489727973938,-0.4678336083889007,-0.8517956137657166,0.1187654510140419,-2.4839868545532227,0.040820512920618,0.0028080616611987,0.0051251701079308,0.7088285088539124,-0.7053567171096802,0.7079049348831177,-1.7687315940856934,0.5643728375434875,-0.4801397621631622,-0.0744948238134384,0.8718981146812439,0.0609100684523582
1651820570.289791,0.2032148689031601,-1.7049740552902222,0.1052139401435852,-0.1699797809123993,-0.1633489727973938,-0.4678336083889007,-0.8517956137657166,0.1187654510140419,-2.4839868545532227,0.040820512920618,0.0028080616611987,0.0051251701079308,0.7088285088539124,-0.7053567171096802,0.7079049348831177,-1.7687315940856934,0.5643728375434875,-0.4801397621631622,-0.0744948238134384,0.8718981146812439,0.0609100684523582
1651820570.299791,0.2032148689031601,-1.7049740552902222,0.1052139401435852,-0.1699797809123993,-0.1633489727973938,-0.4678336083889007,-0.8517956137657166,0.1187654510140419,-2.4839868545532227,0.040820512920618,0.0028080616611987,0.0051251701079308,0.7088285088539124,-0.7053567171096802,0.7079049348831177,-1.7687315940856934,0.5643728375434875,-0.4801397621631622,-0.0744948238134384,0.8718981146812439,0.0609100684523582
1651820570.309791,0.183325782418251,-1.6950430870056152,0.1078492179512977,0.1329406648874282,0.0953443795442581,-0.5587711930274963,-0.8130257725715637,0.1190714836120605,-2.483934164047241,0.041597057133913,0.0016070757992565,0.0076098483987152,0.7085516452789307,-0.7056161165237427,0.7220057845115662,-1.7805973291397097,0.5400277972221375,-0.5009883642196655,-0.0688960403203964,0.8605768084526062,0.0605931840837001
1651820570.319791,0.183325782418251,-1.6950430870056152,0.1078492179512977,0.1329406648874282,0.0953443795442581,-0.5587711930274963,-0.8130257725715637,0.1190714836120605,-2.483934164047241,0.041597057133913,0.0016070757992565,0.0076098483987152,0.7085516452789307,-0.7056161165237427,0.7220057845115662,-1.7805973291397097,0.5400277972221375,-0.5009883642196655,-0.0688960403203964,0.8605768084526062,0.0605931840837001
1651820570.329791,0.183325782418251,-1.6950430870056152,0.1078492179512977,0.1329406648874282,0.0953443795442581,-0.5587711930274963,-0.8130257725715637,0.1190714836120605,-2.483934164047241,0.041597057133913,0.0016070757992565,0.0076098483987152,0.7085516452789307,-0.7056161165237427,0.7220057845115662,-1.7805973291397097,0.5400277972221375,-0.5009883642196655,-0.0688960403203964,0.8605768084526062,0.0605931840837001
1651820570.339791,0.183325782418251,-1.6950430870056152,0.1078492179512977,0.1329406648874282,0.0953443795442581,-0.5587711930274963,-0.8130257725715637,0.1190714836120605,-2.483934164047241,0.041597057133913,0.0016070757992565,0.0076098483987152,0.7085516452789307,-0.7056161165237427,0.7220057845115662,-1.7805973291397097,0.5400277972221375,-0.5009883642196655,-0.0688960403203964,0.8605768084526062,0.0605931840837001
1651820570.349791,0.1709051579236984,-1.6853389739990234,0.1063141152262687,0.192493587732315,0.1375221908092498,-0.6269025206565857,-0.7423120141029358,0.1202331706881523,-2.483841896057129,0.0423496291041374,0.0026885904371738,0.007610039319843,0.7076525092124939,-0.7065145969390869,0.7363232970237732,-1.7971045970916748,0.510702908039093,-0.5257784128189087,-0.0250936038792133,0.8463320136070251,0.0815451145172119
1651820570.359791,0.1709051579236984,-1.6853389739990234,0.1063141152262687,0.192493587732315,0.1375221908092498,-0.6269025206565857,-0.7423120141029358,0.1202331706881523,-2.483841896057129,0.0423496291041374,0.0026885904371738,0.007610039319843,0.7076525092124939,-0.7065145969390869,0.7363232970237732,-1.7971045970916748,0.510702908039093,-0.5257784128189087,-0.0250936038792133,0.8463320136070251,0.0815451145172119
1651820570.369791,0.1709051579236984,-1.6853389739990234,0.1063141152262687,0.192493587732315,0.1375221908092498,-0.6269025206565857,-0.7423120141029358,0.1202331706881523,-2.483841896057129,0.0423496291041374,0.0026885904371738,0.007610039319843,0.7076525092124939,-0.7065145969390869,0.7363232970237732,-1.7971045970916748,0.510702908039093,-0.5257784128189087,-0.0250936038792133,0.8463320136070251,0.0815451145172119
1651820570.379791,0.1709051579236984,-1.6853389739990234,0.1063141152262687,0.192493587732315,0.1375221908092498,-0.6269025206565857,-0.7423120141029358,0.1202331706881523,-2.483841896057129,0.0423496291041374,0.0026885904371738,0.007610039319843,0.7076525092124939,-0.7065145969390869,0.7363232970237732,-1.7971045970916748,0.510702908039093,-0.5257784128189087,-0.0250936038792133,0.8463320136070251,0.0815451145172119
1651820570.389791,0.1709051579236984,-1.6853389739990234,0.1063141152262687,0.192493587732315,0.1375221908092498,-0.6269025206565857,-0.7423120141029358,0.1202331706881523,-2.483841896057129,0.0423496291041374,0.0026885904371738,0.007610039319843,0.7076525092124939,-0.7065145969390869,0.7363232970237732,-1.7971045970916748,0.510702908039093,-0.5257784128189087,-0.0250936038792133,0.8463320136070251,0.0815451145172119
1651820570.399791,0.1633291989564895,-1.6736611127853394,0.0940211042761802,0.1436743140220642,0.0281777121126651,-0.7022413611412048,-0.6967215538024902,0.1189378201961517,-2.4840447902679443,0.0402225032448768,0.0010446519590914,0.005931737832725,0.7086033821105957,-0.7055813074111938,0.7480113506317139,-1.816697359085083,0.4823184609413147,-0.5489194393157959,-0.1027993932366371,0.828768789768219,0.0355262085795402
1651820570.409791,0.1625478565692901,-1.6717685461044312,0.0903086811304092,0.1329374313354492,0.0073533216491341,-0.7120230793952942,-0.6894177198410034,0.1189378201961517,-2.4840447902679443,0.0402225032448768,0.0010446519590914,0.005931737832725,0.7086033821105957,-0.7055813074111938,0.7480113506317139,-1.816697359085083,0.4823184609413147,-0.5489194393157959,-0.1027993932366371,0.828768789768219,0.0355262085795402
1651820570.419791,0.1625478565692901,-1.6717685461044312,0.0903086811304092,0.1329374313354492,0.0073533216491341,-0.7120230793952942,-0.6894177198410034,0.1189378201961517,-2.4840447902679443,0.0402225032448768,0.0010446519590914,0.005931737832725,0.7086033821105957,-0.7055813074111938,0.7480113506317139,-1.816697359085083,0.4823184609413147,-0.5489194393157959,-0.1027993932366371,0.828768789768219,0.0355262085795402
1651820570.429791,0.1625478565692901,-1.6717685461044312,0.0903086811304092,0.1329374313354492,0.0073533216491341,-0.7120230793952942,-0.6894177198410034,0.1189378201961517,-2.4840447902679443,0.0402225032448768,0.0010446519590914,0.005931737832725,0.7086033821105957,-0.7055813074111938,0.7480113506317139,-1.816697359085083,0.4823184609413147,-0.5489194393157959,-0.1027993932366371,0.828768789768219,0.0355262085795402
1651820570.439791,0.1625478565692901,-1.6717685461044312,0.0903086811304092,0.1329374313354492,0.0073533216491341,-0.7120230793952942,-0.6894177198410034,0.1189378201961517,-2.4840447902679443,0.0402225032448768,0.0010446519590914,0.005931737832725,0.7086033821105957,-0.7055813074111938,0.7480113506317139,-1.816697359085083,0.4823184609413147,-0.5489194393157959,-0.1027993932366371,0.828768789768219,0.0355262085795402
1651820570.449791,0.1625478565692901,-1.6717685461044312,0.0903086811304092,0.1329374313354492,0.0073533216491341,-0.7120230793952942,-0.6894177198410034,0.1190470680594444,-2.4839820861816406,0.0411775708198547,0.003153292927891,0.005376252811402,0.7085155844688416,-0.7056676745414734,0.7485233545303345,-1.8484591245651243,0.4612867534160614,-0.5691491961479187,-0.1080978065729141,0.8149083256721497,0.0175633672624826
1651820570.459791,0.1794921308755874,-1.6641803979873655,0.0838764458894729,-0.0933019891381263,-0.1817928254604339,-0.7051963806152344,-0.6789287328720093,0.1190470680594444,-2.4839820861816406,0.0411775708198547,0.003153292927891,0.005376252811402,0.7085155844688416,-0.7056676745414734,0.7485233545303345,-1.8484591245651243,0.4612867534160614,-0.5691491961479187,-0.1080978065729141,0.8149083256721497,0.0175633672624826
1651820570.469791,0.1794921308755874,-1.6641803979873655,0.0838764458894729,-0.0933019891381263,-0.1817928254604339,-0.7051963806152344,-0.6789287328720093,0.1190470680594444,-2.4839820861816406,0.0411775708198547,0.003153292927891,0.005376252811402,0.7085155844688416,-0.7056676745414734,0.7485233545303345,-1.8484591245651243,0.4612867534160614,-0.5691491961479187,-0.1080978065729141,0.8149083256721497,0.0175633672624826
1651820570.479791,0.1794921308755874,-1.6641803979873655,0.0838764458894729,-0.0933019891381263,-0.1817928254604339,-0.7051963806152344,-0.6789287328720093,0.1190470680594444,-2.4839820861816406,0.0411775708198547,0.003153292927891,0.005376252811402,0.7085155844688416,-0.7056676745414734,0.7485233545303345,-1.8484591245651243,0.4612867534160614,-0.5691491961479187,-0.1080978065729141,0.8149083256721497,0.0175633672624826
1651820570.489791,0.1794921308755874,-1.6641803979873655,0.0838764458894729,-0.0933019891381263,-0.1817928254604339,-0.7051963806152344,-0.6789287328720093,0.1197187304496765,-2.483860969543457,0.0420735776424407,0.0025568415876477,0.0072641423903405,0.707979679107666,-0.7061908841133118,0.7360870242118835,-1.9014571905136108,0.4479497373104095,-0.5817317366600037,-0.0878752171993255,0.8085945844650269,-0.006412305869162
1651820570.499791,0.1932256817817688,-1.6568427085876465,0.0785336941480636,-0.151965782046318,-0.2799549996852875,-0.6943786144256592,-0.6452673673629761,0.1197187304496765,-2.483860969543457,0.0420735776424407,0.0025568415876477,0.0072641423903405,0.707979679107666,-0.7061908841133118,0.7360870242118835,-1.9014571905136108,0.4479497373104095,-0.5817317366600037,-0.0878752171993255,0.8085945844650269,-0.006412305869162
1651820570.509791,0.1953496783971786,-1.655665636062622,0.07857146859169,-0.137300357222557,-0.283277153968811,-0.6974693536758423,-0.6437695026397705,0.1197187304496765,-2.483860969543457,0.0420735776424407,0.0025568415876477,0.0072641423903405,0.707979679107666,-0.7061908841133118,0.7360870242118835,-1.9014571905136108,0.4479497373104095,-0.5817317366600037,-0.0878752171993255,0.8085945844650269,-0.006412305869162
1651820570.519791,0.1953496783971786,-1.655665636062622,0.07857146859169,-0.137300357222557,-0.283277153968811,-0.6974693536758423,-0.6437695026397705,0.1197187304496765,-2.483860969543457,0.0420735776424407,0.0025568415876477,0.0072641423903405,0.707979679107666,-0.7061908841133118,0.7360870242118835,-1.9014571905136108,0.4479497373104095,-0.5817317366600037,-0.0878752171993255,0.8085945844650269,-0.006412305869162
1651820570.5297909,0.1953496783971786,-1.655665636062622,0.07857146859169,-0.137300357222557,-0.283277153968811,-0.6974693536758423,-0.6437695026397705,0.1197187304496765,-2.483860969543457,0.0420735776424407,0.0025568415876477,0.0072641423903405,0.707979679107666,-0.7061908841133118,0.7091119885444641,-1.9643391370773315,0.4412865340709686,-0.574819028377533,-0.0749071016907692,0.8134813904762268,-0.047116931527853
1651820570.5397909,0.1953496783971786,-1.655665636062622,0.07857146859169,-0.137300357222557,-0.283277153968811,-0.6974693536758423,-0.6437695026397705,0.120156206190586,-2.483976125717163,0.0396193377673625,-0.0025994223542511,0.0085853142663836,0.7075289487838745,-0.7066274881362915,0.7091119885444641,-1.9643391370773315,0.4412865340709686,-0.574819028377533,-0.0749071016907692,0.8134813904762268,-0.047116931527853
1651820570.5497909,0.2044753432273864,-1.649653673171997,0.0775011926889419,-0.0364586822688579,-0.2387851923704147,-0.7430518269538879,-0.6241204738616943,0.120156206190586,-2.483976125717163,0.0396193377673625,-0.0025994223542511,0.0085853142663836,0.7075289487838745,-0.7066274881362915,0.7091119885444641,-1.9643391370773315,0.4412865340709686,-0.574819028377533,-0.0749071016907692,0.8134813904762268,-0.047116931527853
1651820570.5597908,0.2044753432273864,-1.649653673171997,0.0775011926889419,-0.0364586822688579,-0.2387851923704147,-0.7430518269538879,-0.6241204738616943,0.120156206190586,-2.483976125717163,0.0396193377673625,-0.0025994223542511,0.0085853142663836,0.7075289487838745,-0.7066274881362915,0.7091119885444641,-1.9643391370773315,0.4412865340709686,-0.574819028377533,-0.0749071016907692,0.8134813904762268,-0.047116931527853
1651820570.5697908,0.2044753432273864,-1.649653673171997,0.0775011926889419,-0.0364586822688579,-0.2387851923704147,-0.7430518269538879,-0.6241204738616943,0.120156206190586,-2.483976125717163,0.0396193377673625,-0.0025994223542511,0.0085853142663836,0.7075289487838745,-0.7066274881362915,0.7091119885444641,-1.9643391370773315,0.4412865340709686,-0.574819028377533,-0.0749071016907692,0.8134813904762268,-0.047116931527853
1651820570.5797908,0.2044753432273864,-1.649653673171997,0.0775011926889419,-0.0364586822688579,-0.2387851923704147,-0.7430518269538879,-0.6241204738616943,0.118911013007164,-2.483889579772949,0.0423206947743892,0.0051036928780376,0.0051270266994833,0.7086341381072998,-0.7055391073226929,0.6664075255393982,-2.0353150367736816,0.4363457560539245,-0.555421769618988,-0.0493808090686798,0.8246862292289734,-0.0946617051959037
1651820570.5897908,0.2044753432273864,-1.649653673171997,0.0775011926889419,-0.0364586822688579,-0.2387851923704147,-0.7430518269538879,-0.6241204738616943,0.118911013007164,-2.483889579772949,0.0423206947743892,0.0051036928780376,0.0051270266994833,0.7086341381072998,-0.7055391073226929,0.6664075255393982,-2.0353150367736816,0.4363457560539245,-0.555421769618988,-0.0493808090686798,0.8246862292289734,-0.0946617051959037
1651820570.5997908,0.2096585780382156,-1.647666335105896,0.0694463402032852,0.0268180444836616,-0.1268869936466217,-0.7982060313224792,-0.5882582068443298,0.118911013007164,-2.483889579772949,0.0423206947743892,0.0051036928780376,0.0051270266994833,0.7086341381072998,-0.7055391073226929,0.6664075255393982,-2.0353150367736816,0.4363457560539245,-0.555421769618988,-0.0493808090686798,0.8246862292289734,-0.0946617051959037
1651820570.6097908,0.2096585780382156,-1.647666335105896,0.0694463402032852,0.0268180444836616,-0.1268869936466217,-0.7982060313224792,-0.5882582068443298,0.118911013007164,-2.483889579772949,0.0423206947743892,0.0051036928780376,0.0051270266994833,0.7086341381072998,-0.7055391073226929,0.6664075255393982,-2.0353150367736816,0.4363457560539245,-0.555421769618988,-0.0493808090686798,0.8246862292289734,-0.0946617051959037
1651820570.6197908,0.2096585780382156,-1.647666335105896,0.0694463402032852,0.0268180444836616,-0.1268869936466217,-0.7982060313224792,-0.5882582068443298,0.1188900023698806,-2.48395037651062,0.0404037088155746,-2.959789890155662e-05,0.0072691077366471,0.7086066603660583,-0.7055662870407104,0.6285510659217834,-2.078847885131836,0.4312897622585296,-0.5280408263206482,-0.0814358741044998,0.8312608599662781,-0.1534488201141357
1651820570.6297908,0.2096585780382156,-1.647666335105896,0.0694463402032852,0.0268180444836616,-0.1268869936466217,-0.7982060313224792,-0.5882582068443298,0.1188900023698806,-2.48395037651062,0.0404037088155746,-2.959789890155662e-05,0.0072691077366471,0.7086066603660583,-0.7055662870407104,0.6250033974647522,-2.079289674758911,0.4273802638053894,-0.5204911231994629,-0.1118354275822639,0.8287044167518616,-0.1727164685726165
1651820570.6397908,0.2140462696552276,-1.649913668632507,0.0556281208992004,0.0566621758043766,0.0131252184510231,-0.8374407291412354,-0.543424665927887,0.1188900023698806,-2.48395037651062,0.0404037088155746,-2.959789890155662e-05,0.0072691077366471,0.7086066603660583,-0.7055662870407104,0.6250033974647522,-2.079289674758911,0.4273802638053894,-0.5204911231994629,-0.1118354275822639,0.8287044167518616,-0.1727164685726165
1651820570.6497908,0.2140462696552276,-1.649913668632507,0.0556281208992004,0.0566621758043766,0.0131252184510231,-0.8374407291412354,-0.543424665927887,0.1188900023698806,-2.48395037651062,0.0404037088155746,-2.959789890155662e-05,0.0072691077366471,0.7086066603660583,-0.7055662870407104,0.6250033974647522,-2.079289674758911,0.4273802638053894,-0.5204911231994629,-0.1118354275822639,0.8287044167518616,-0.1727164685726165
1651820570.6597908,0.2140462696552276,-1.649913668632507,0.0556281208992004,0.0566621758043766,0.0131252184510231,-0.8374407291412354,-0.543424665927887,0.1188900023698806,-2.48395037651062,0.0404037088155746,-2.959789890155662e-05,0.0072691077366471,0.7086066603660583,-0.7055662870407104,0.6250033974647522,-2.079289674758911,0.4273802638053894,-0.5204911231994629,-0.1118354275822639,0.8287044167518616,-0.1727164685726165
1651820570.6697907,0.2140462696552276,-1.649913668632507,0.0556281208992004,0.0566621758043766,0.0131252184510231,-0.8374407291412354,-0.543424665927887,0.1197697892785072,-2.4839348793029785,0.0408944115042686,-0.0004314579709898,0.0084438463672995,0.7078750729560852,-0.706287145614624,0.6140508651733398,-2.061856746673584,0.4019103348255157,-0.5378934144973755,-0.1170526072382927,0.8206024765968323,-0.1535606831312179
1651820570.6797907,0.2150587439537048,-1.6538091897964478,0.062881164252758,0.0137708745896816,0.0200192295014858,-0.8562771081924438,-0.5159448981285095,0.1197697892785072,-2.4839348793029785,0.0408944115042686,-0.0004314579709898,0.0084438463672995,0.7078750729560852,-0.706287145614624,0.6140508651733398,-2.061856746673584,0.4019103348255157,-0.5378934144973755,-0.1170526072382927,0.8206024765968323,-0.1535606831312179
1651820570.6897907,0.2148337066173553,-1.6548681259155271,0.0632620379328727,0.0123267136514186,0.0272170342504978,-0.859507143497467,-0.5102497935295105,0.1197697892785072,-2.4839348793029785,0.0408944115042686,-0.0004314579709898,0.0084438463672995,0.7078750729560852,-0.706287145614624,0.6140508651733398,-2.061856746673584,0.4019103348255157,-0.5378934144973755,-0.1170526072382927,0.8206024765968323,-0.1535606831312179
1651820570.6997907,0.2148337066173553,-1.6548681259155271,0.0632620379328727,0.0123267136514186,0.0272170342504978,-0.859507143497467,-0.5102497935295105,0.1197697892785072,-2.4839348793029785,0.0408944115042686,-0.0004314579709898,0.0084438463672995,0.7078750729560852,-0.706287145614624,0.6140508651733398,-2.061856746673584,0.4019103348255157,-0.5378934144973755,-0.1170526072382927,0.8206024765968323,-0.1535606831312179
1651820570.7097907,0.2148337066173553,-1.6548681259155271,0.0632620379328727,0.0123267136514186,0.0272170342504978,-0.859507143497467,-0.5102497935295105,0.1197697892785072,-2.4839348793029785,0.0408944115042686,-0.0004314579709898,0.0084438463672995,0.7078750729560852,-0.706287145614624,0.6140508651733398,-2.061856746673584,0.4019103348255157,-0.5378934144973755,-0.1170526072382927,0.8206024765968323,-0.1535606831312179
1651820570.7197907,0.2148337066173553,-1.6548681259155271,0.0632620379328727,0.0123267136514186,0.0272170342504978,-0.859507143497467,-0.5102497935295105,0.1202969253063201,-2.48388671875,0.0424089878797531,0.0023106185253709,0.0081333043053746,0.7074851393699646,-0.7066776156425476,0.5990152359008789,-2.048464298248291,0.3764678239822387,-0.5492545962333679,-0.1195219680666923,0.8156316876411438,-0.13703653216362
1651820570.7297907,0.2151557654142379,-1.6617597341537476,0.0596846789121627,0.0239210799336433,0.0949835032224655,-0.8643180131912231,-0.4933157563209533,0.1202969253063201,-2.48388671875,0.0424089878797531,0.0023106185253709,0.0081333043053746,0.7074851393699646,-0.7066776156425476,0.5990152359008789,-2.048464298248291,0.3764678239822387,-0.5492545962333679,-0.1195219680666923,0.8156316876411438,-0.13703653216362
1651820570.739791,0.2151557654142379,-1.6617597341537476,0.0596846789121627,0.0239210799336433,0.0949835032224655,-0.8643180131912231,-0.4933157563209533,0.1202969253063201,-2.48388671875,0.0424089878797531,0.0023106185253709,0.0081333043053746,0.7074851393699646,-0.7066776156425476,0.5990152359008789,-2.048464298248291,0.3764678239822387,-0.5492545962333679,-0.1195219680666923,0.8156316876411438,-0.13703653216362
1651820570.749791,0.2151557654142379,-1.6617597341537476,0.0596846789121627,0.0239210799336433,0.0949835032224655,-0.8643180131912231,-0.4933157563209533,0.1202969253063201,-2.48388671875,0.0424089878797531,0.0023106185253709,0.0081333043053746,0.7074851393699646,-0.7066776156425476,0.5990152359008789,-2.048464298248291,0.3764678239822387,-0.5492545962333679,-0.1195219680666923,0.8156316876411438,-0.13703653216362
1651820570.759791,0.2151557654142379,-1.6617597341537476,0.0596846789121627,0.0239210799336433,0.0949835032224655,-0.8643180131912231,-0.4933157563209533,0.1180399358272552,-2.483973979949951,0.0402497202157974,0.0010560315568,0.0059693297371268,0.7093250155448914,-0.7048555016517639,0.573347806930542,-2.0420069694519043,0.347306877374649,-0.5514088273048401,-0.1132561787962913,0.8175270557403564,-0.1215350553393364
1651820570.7697906,0.2151557654142379,-1.6617597341537476,0.0596846789121627,0.0239210799336433,0.0949835032224655,-0.8643180131912231,-0.4933157563209533,0.1180399358272552,-2.483973979949951,0.0402497202157974,0.0010560315568,0.0059693297371268,0.7093250155448914,-0.7048555016517639,0.573347806930542,-2.0420069694519043,0.347306877374649,-0.5514088273048401,-0.1132561787962913,0.8175270557403564,-0.1215350553393364
1651820570.7797906,0.2152653932571411,-1.664180874824524,0.0606052726507186,0.0189697742462158,0.1012186259031295,-0.8664450645446777,-0.4885366559028625,0.1180399358272552,-2.483973979949951,0.0402497202157974,0.0010560315568,0.0059693297371268,0.7093250155448914,-0.7048555016517639,0.573347806930542,-2.0420069694519043,0.347306877374649,-0.5514088273048401,-0.1132561787962913,0.8175270557403564,-0.1215350553393364
1651820570.7897906,0.2152653932571411,-1.664180874824524,0.0606052726507186,0.0189697742462158,0.1012186259031295,-0.8664450645446777,-0.4885366559028625,0.1180399358272552,-2.483973979949951,0.0402497202157974,0.0010560315568,0.0059693297371268,0.7093250155448914,-0.7048555016517639,0.573347806930542,-2.0420069694519043,0.347306877374649,-0.5514088273048401,-0.1132561787962913,0.8175270557403564,-0.1215350553393364
1651820570.7997906,0.2152653932571411,-1.664180874824524,0.0606052726507186,0.0189697742462158,0.1012186259031295,-0.8664450645446777,-0.4885366559028625,0.1180399358272552,-2.483973979949951,0.0402497202157974,0.0010560315568,0.0059693297371268,0.7093250155448914,-0.7048555016517639,0.573347806930542,-2.0420069694519043,0.347306877374649,-0.5514088273048401,-0.1132561787962913,0.8175270557403564,-0.1215350553393364
1651820570.8097906,0.2152653932571411,-1.664180874824524,0.0606052726507186,0.0189697742462158,0.1012186259031295,-0.8664450645446777,-0.4885366559028625,0.1187354922294616,-2.483970880508423,0.0403183326125144,0.0002503779251128,0.0069325747899711,0.708736002445221,-0.7054397463798523,0.5479245781898499,-2.048036813735962,0.3108855485916137,-0.5547906160354614,-0.1121186167001724,0.8141838908195496,-0.1293881684541702
1651820570.8197906,0.2160524129867553,-1.6632226705551147,0.0597310215234756,0.0254516154527664,0.0852764099836349,-0.8681493997573853,-0.4882589876651764,0.1187354922294616,-2.483970880508423,0.0403183326125144,0.0002503779251128,0.0069325747899711,0.708736002445221,-0.7054397463798523,0.5479245781898499,-2.048036813735962,0.3108855485916137,-0.5547906160354614,-0.1121186167001724,0.8141838908195496,-0.1293881684541702
1651820570.8297906,0.2160524129867553,-1.6632226705551147,0.0597310215234756,0.0254516154527664,0.0852764099836349,-0.8681493997573853,-0.4882589876651764,0.1187354922294616,-2.483970880508423,0.0403183326125144,0.0002503779251128,0.0069325747899711,0.708736002445221,-0.7054397463798523,0.5479245781898499,-2.048036813735962,0.3108855485916137,-0.5547906160354614,-0.1121186167001724,0.8141838908195496,-0.1293881684541702
1651820570.8397906,0.2160524129867553,-1.6632226705551147,0.0597310215234756,0.0254516154527664,0.0852764099836349,-0.8681493997573853,-0.4882589876651764,0.1187354922294616,-2.483970880508423,0.0403183326125144,0.0002503779251128,0.0069325747899711,0.708736002445221,-0.7054397463798523,0.5479245781898499,-2.048036813735962,0.3108855485916137,-0.5547906160354614,-0.1121186167001724,0.8141838908195496,-0.1293881684541702
1651820570.8497906,0.2160524129867553,-1.6632226705551147,0.0597310215234756,0.0254516154527664,0.0852764099836349,-0.8681493997573853,-0.4882589876651764,0.1191274374723434,-2.483944892883301,0.0402763709425926,-0.0010073729790747,0.0080559747293591,0.7084283232688904,-0.7057361006736755,0.5319568514823914,-2.0558876991271973,0.2799344360828399,-0.559893012046814,-0.1433864384889602,0.7988593578338623,-0.1666851937770843
1651820570.8597906,0.2167855054140091,-1.6598435640335083,0.0585062019526958,0.0354571864008903,0.0542840510606765,-0.8704261183738708,-0.4880105853080749,0.1191274374723434,-2.483944892883301,0.0402763709425926,-0.0010073729790747,0.0080559747293591,0.7084283232688904,-0.7057361006736755,0.5319568514823914,-2.0558876991271973,0.2799344360828399,-0.559893012046814,-0.1433864384889602,0.7988593578338623,-0.1666851937770843
1651820570.8697906,0.2167855054140091,-1.6598435640335083,0.0585062019526958,0.0354571864008903,0.0542840510606765,-0.8704261183738708,-0.4880105853080749,0.1191274374723434,-2.483944892883301,0.0402763709425926,-0.0010073729790747,0.0080559747293591,0.7084283232688904,-0.7057361006736755,0.5319568514823914,-2.0558876991271973,0.2799344360828399,-0.559893012046814,-0.1433864384889602,0.7988593578338623,-0.1666851937770843
1651820570.8797903,0.2167855054140091,-1.6598435640335083,0.0585062019526958,0.0354571864008903,0.0542840510606765,-0.8704261183738708,-0.4880105853080749,0.1191274374723434,-2.483944892883301,0.0402763709425926,-0.0010073729790747,0.0080559747293591,0.7084283232688904,-0.7057361006736755,0.5319568514823914,-2.0558876991271973,0.2799344360828399,-0.559893012046814,-0.1433864384889602,0.7988593578338623,-0.1666851937770843
1651820570.8897903,0.2167855054140091,-1.6598435640335083,0.0585062019526958,0.0354571864008903,0.0542840510606765,-0.8704261183738708,-0.4880105853080749,0.1191274374723434,-2.483944892883301,0.0402763709425926,-0.0010073729790747,0.0080559747293591,0.7084283232688904,-0.7057361006736755,0.5319568514823914,-2.0558876991271973,0.2799344360828399,-0.559893012046814,-0.1433864384889602,0.7988593578338623,-0.1666851937770843
1651820570.8997903,0.2167855054140091,-1.6598435640335083,0.0585062019526958,0.0354571864008903,0.0542840510606765,-0.8704261183738708,-0.4880105853080749,0.1200917586684227,-2.483856201171875,0.0423974432051181,0.0031819713767617,0.0072001325897872,0.7076832056045532,-0.7064861059188843,0.527531087398529,-2.051643848419189,0.2473594695329666,-0.5745408535003662,-0.1857268363237381,0.772409975528717,-0.1969552189111709
1651820570.9097905,0.2191292643547058,-1.656936526298523,0.0576294623315334,0.0419151969254016,0.0351991020143032,-0.8667774796485901,-0.4956823885440826,0.1200917586684227,-2.483856201171875,0.0423974432051181,0.0031819713767617,0.0072001325897872,0.7076832056045532,-0.7064861059188843,0.527531087398529,-2.051643848419189,0.2473594695329666,-0.5745408535003662,-0.1857268363237381,0.772409975528717,-0.1969552189111709
